Weekly Relative SST data starts week centered on 9Sept1981

                Nino1+2      Nino3      Nino34     Nino4
 Week             SSTA       SSTA       SSTA       SSTA
 09SEP1981        -0.3       -0.1        0.0        0.0
 16SEP1981        -0.6       -0.1        0.1        0.0
 23SEP1981        -0.1       -0.3       -0.2       -0.1
 30SEP1981        -0.6        0.0       -0.2       -0.4
 07OCT1981        -0.6        0.1        0.0       -0.1
 14OCT1981        -0.8        0.1       -0.1       -0.1
 21OCT1981        -0.6        0.0        0.2        0.2
 28OCT1981        -0.3       -0.2       -0.2       -0.2
 04NOV1981        -0.3       -0.4       -0.7       -0.3
 11NOV1981        -0.4       -0.5       -0.6       -0.3
 18NOV1981         0.0       -0.4       -0.3        0.0
 25NOV1981         0.0       -0.2       -0.1        0.2
 02DEC1981         0.1        0.0        0.0        0.3
 09DEC1981         0.4       -0.2       -0.2       -0.1
 16DEC1981         0.3       -0.2       -0.6       -0.6
 23DEC1981         0.3        0.3       -0.1        0.1
 30DEC1981         0.0        0.5        0.1        0.0
 06JAN1982         0.4        0.6        0.3       -0.1
 13JAN1982         0.0        0.5        0.1       -0.4
 20JAN1982        -0.8        0.3        0.5        0.4
 27JAN1982         0.0        0.6        0.6        0.3
 03FEB1982        -0.1        0.5        0.4       -0.1
 10FEB1982        -0.4        0.2        0.0        0.2
 17FEB1982        -0.7        0.2        0.0        0.2
 24FEB1982        -1.0       -0.1        0.0        0.5
 03MAR1982        -1.0        0.2        0.2        0.3
 10MAR1982        -1.2       -0.1        0.0        0.3
 17MAR1982        -1.1        0.1        0.2        0.2
 24MAR1982        -1.2        0.2        0.5        0.6
 31MAR1982        -1.5        0.1        0.1        0.3
 07APR1982        -1.1        0.5        0.6        0.5
 14APR1982        -1.2        0.2        0.3        0.3
 21APR1982        -1.2        0.3        0.5        0.6
 28APR1982        -0.8        0.4        0.5        0.5
 05MAY1982        -0.7        0.4        0.5        0.8
 12MAY1982        -0.6        0.5        0.4        0.7
 19MAY1982        -0.4        1.0        1.1        1.1
 26MAY1982        -0.2        0.9        1.1        0.9
 02JUN1982        -0.1        0.9        1.1        0.9
 09JUN1982        -0.2        0.8        1.0        1.1
 16JUN1982         0.1        0.8        0.8        1.1
 23JUN1982        -0.2        0.8        1.1        1.0
 30JUN1982         0.1        0.4        1.1        1.3
 07JUL1982         1.0        0.3        0.3        0.6
 14JUL1982         0.5        0.7        0.4        0.1
 21JUL1982         0.1        1.0        1.0        0.1
 28JUL1982         0.5        0.7        0.7        0.2
 04AUG1982         0.9        1.0        1.0        0.2
 11AUG1982         1.3        1.1        1.3        0.4
 18AUG1982         1.2        1.2        1.4        0.5
 25AUG1982         1.0        1.3        1.0        0.2
 01SEP1982         1.2        1.2        0.9        0.0
 08SEP1982         1.7        1.6        1.2        0.4
 15SEP1982         1.5        1.8        1.6        0.7
 22SEP1982         1.5        2.1        2.0        0.6
 29SEP1982         1.7        2.6        2.2        0.3
 06OCT1982         1.6        2.5        2.3        0.5
 13OCT1982         1.8        2.1        2.1        0.6
 20OCT1982         2.0        2.4        2.0        0.7
 27OCT1982         2.3        2.2        1.8        0.6
 03NOV1982         2.8        2.3        1.8        0.2
 10NOV1982         3.0        2.6        2.2        0.4
 17NOV1982         3.2        2.6        1.9        0.3
 24NOV1982         3.4        3.1        2.4        0.4
 01DEC1982         3.5        2.8        2.0        0.5
 08DEC1982         3.3        2.9        2.1        0.3
 15DEC1982         3.1        3.2        2.4        0.3
 22DEC1982         3.5        3.4        2.8        0.3
 29DEC1982         3.1        3.6        2.9        0.5
 05JAN1983         3.1        3.3        2.5        0.4
 12JAN1983         2.5        3.0        2.5        0.5
 19JAN1983         2.6        3.1        2.3        0.3
 26JAN1983         2.3        3.1        2.4        0.2
 02FEB1983         2.4        2.8        2.3        0.2
 09FEB1983         2.2        2.6        2.2        0.1
 16FEB1983         1.6        2.1        1.9        0.4
 23FEB1983         1.1        1.9        1.8        0.6
 02MAR1983         1.6        2.1        2.1        0.4
 09MAR1983         2.0        1.7        1.7        0.5
 16MAR1983         1.9        1.7        1.5        0.4
 23MAR1983         2.2        1.5        1.2        0.5
 30MAR1983         2.1        1.2        1.0        0.2
 06APR1983         2.1        1.3        0.8        0.0
 13APR1983         2.7        1.8        1.1       -0.2
 20APR1983         2.9        1.7        1.1        0.1
 27APR1983         3.1        1.6        1.1        0.1
 04MAY1983         3.3        1.8        1.1        0.3
 11MAY1983         3.3        1.7        1.0        0.6
 18MAY1983         3.7        1.7        0.9        0.5
 25MAY1983         4.5        1.5        0.6        0.1
 01JUN1983         4.4        1.8        1.0        0.2
 08JUN1983         4.0        1.7        0.7        0.2
 15JUN1983         4.2        1.8        0.7       -0.3
 22JUN1983         4.3        1.4        0.1       -0.4
 29JUN1983         4.6        1.3        0.1       -0.2
 06JUL1983         4.4        1.0       -0.1       -0.3
 13JUL1983         4.2        0.9       -0.1       -0.1
 20JUL1983         3.9        0.8       -0.4       -0.2
 27JUL1983         3.8        0.7       -0.4       -0.4
 03AUG1983         3.6        0.7       -0.5       -0.2
 10AUG1983         3.2        0.8       -0.4       -0.3
 17AUG1983         2.8        0.7        0.0       -0.3
 24AUG1983         3.0        0.8       -0.4       -0.6
 31AUG1983         2.2        0.5       -0.3       -0.5
 07SEP1983         1.8        0.7        0.0       -0.5
 14SEP1983         2.1        0.4       -0.1       -0.3
 21SEP1983         1.4        0.3       -0.4       -0.6
 28SEP1983         1.6        0.1       -0.6       -0.9
 05OCT1983         2.0       -0.2       -0.8       -1.0
 12OCT1983         1.7        0.0       -0.7       -0.9
 19OCT1983         1.1        0.1       -0.7       -1.2
 26OCT1983         1.0       -0.8       -1.1       -0.6
 02NOV1983         1.2       -0.8       -1.1       -0.6
 09NOV1983         0.7       -0.7       -0.8       -0.8
 16NOV1983         0.8       -1.1       -1.4       -1.0
 23NOV1983         0.5       -1.2       -1.4       -1.0
 30NOV1983         0.5       -0.5       -0.8       -0.9
 07DEC1983         0.3       -0.6       -0.7       -0.7
 14DEC1983         0.5       -0.8       -1.1       -1.2
 21DEC1983         0.8       -0.9       -1.3       -1.1
 28DEC1983         0.7       -0.8       -1.4       -0.9
 04JAN1984         0.8       -0.4       -0.8       -0.6
 11JAN1984        -0.1       -0.7       -0.8       -0.8
 18JAN1984        -0.6       -1.0       -1.0       -0.8
 25JAN1984        -0.3       -0.8       -1.1       -0.9
 01FEB1984        -0.7       -0.4       -0.2       -0.4
 08FEB1984        -0.7        0.2        0.0       -0.4
 15FEB1984        -0.7        0.6        0.2       -1.0
 22FEB1984        -0.7        0.5        0.1       -1.1
 29FEB1984        -1.1        0.3       -0.1       -1.1
 07MAR1984        -0.7        0.3       -0.3       -1.0
 14MAR1984        -0.3       -0.3       -0.8       -1.0
 21MAR1984        -0.7       -0.3       -0.4       -0.8
 28MAR1984        -0.8       -0.3       -0.4       -0.6
 04APR1984        -0.3        0.2       -0.3       -0.7
 11APR1984         0.0        0.5       -0.1       -1.1
 18APR1984        -0.1       -0.1       -0.2       -1.0
 25APR1984        -0.7       -0.3       -0.5       -0.9
 02MAY1984        -0.4       -0.3       -0.6       -1.1
 09MAY1984        -0.9       -0.6       -0.3       -0.6
 16MAY1984        -1.0       -0.5       -0.3       -0.5
 23MAY1984        -0.8       -0.7       -0.6       -0.5
 30MAY1984        -0.7       -0.7       -0.4       -0.6
 06JUN1984        -0.5       -1.0       -0.9       -0.8
 13JUN1984        -0.6       -1.0       -0.8       -0.5
 20JUN1984        -0.5       -1.0       -0.7       -0.3
 27JUN1984        -0.7       -0.7       -0.4       -0.3
 04JUL1984        -0.5       -0.4        0.0        0.4
 11JUL1984        -0.2       -0.2       -0.3        0.1
 18JUL1984        -0.5       -0.4       -0.4       -0.3
 25JUL1984        -0.2       -0.9       -0.6       -0.3
 01AUG1984         0.0       -0.5       -0.4       -0.5
 08AUG1984        -0.6       -0.7       -0.4       -0.2
 15AUG1984        -0.2       -0.2        0.0       -0.2
 22AUG1984        -0.1        0.1        0.0       -0.3
 29AUG1984        -0.1       -0.1       -0.3       -0.3
 05SEP1984         0.0       -0.2       -0.2       -0.1
 12SEP1984        -0.1       -0.1       -0.2       -0.3
 19SEP1984        -0.4        0.3        0.1       -0.2
 26SEP1984        -0.2       -0.1       -0.3       -0.3
 03OCT1984        -0.1       -0.5       -0.2        0.0
 10OCT1984        -0.4       -0.4       -0.1       -0.4
 17OCT1984        -0.3       -0.7       -0.3       -0.3
 24OCT1984         0.1       -0.7       -0.9       -0.5
 31OCT1984         0.3       -0.5       -0.8       -0.3
 07NOV1984        -0.1       -0.5       -1.0       -0.3
 14NOV1984         0.0       -0.7       -1.2       -0.6
 21NOV1984         0.2       -1.1       -1.0       -0.4
 28NOV1984         0.6       -0.9       -1.0       -0.5
 05DEC1984         0.3       -0.9       -0.9       -0.6
 12DEC1984         0.2       -1.0       -1.3       -0.8
 19DEC1984         0.2       -1.3       -1.3       -0.7
 26DEC1984         0.3       -1.1       -1.3       -0.8
 02JAN1985        -0.1       -0.8       -0.8       -0.5
 09JAN1985        -0.7       -0.8       -0.9       -0.7
 16JAN1985        -0.7       -0.8       -0.8       -0.3
 23JAN1985        -0.7       -1.3       -1.1       -0.2
 30JAN1985        -0.7       -1.3       -1.0       -0.1
 06FEB1985        -1.1       -0.8       -0.6        0.0
 13FEB1985        -1.5       -0.8       -0.6       -0.1
 20FEB1985        -1.1       -0.9       -0.5       -0.1
 27FEB1985        -0.4       -0.7       -0.3       -0.4
 06MAR1985        -0.8       -0.6       -0.4       -0.6
 13MAR1985        -0.8       -0.8       -0.6       -0.4
 20MAR1985        -0.2       -0.5       -0.5       -0.6
 27MAR1985        -0.3       -0.2       -0.4       -0.7
 03APR1985        -0.8        0.1       -0.4       -0.7
 10APR1985        -1.2        0.1       -0.3       -0.8
 17APR1985        -1.5       -0.6       -0.6       -0.7
 24APR1985        -0.9       -0.7       -0.8       -0.4
 01MAY1985        -1.1       -1.0       -0.9       -0.6
 08MAY1985        -1.7       -1.2       -0.9       -0.4
 15MAY1985        -1.4       -0.8       -0.7       -0.6
 22MAY1985        -1.2       -0.4       -0.3       -0.7
 29MAY1985        -1.0       -0.5       -0.5       -0.8
 05JUN1985        -0.7       -0.3       -0.5       -0.7
 12JUN1985        -0.7       -0.5       -0.5       -0.4
 19JUN1985        -0.9       -1.0       -0.6       -0.2
 26JUN1985        -0.9       -0.7       -0.4       -0.4
 03JUL1985        -0.9       -0.9       -0.4       -0.3
 10JUL1985        -0.8       -0.7       -0.5       -0.4
 17JUL1985        -0.6       -0.8       -0.5       -0.2
 24JUL1985        -1.0       -0.5        0.0       -0.2
 31JUL1985        -1.2       -0.8        0.0       -0.1
 07AUG1985        -1.1       -1.0       -0.4        0.0
 14AUG1985        -0.9       -0.8       -0.6       -0.3
 21AUG1985        -0.5       -0.2        0.0       -0.2
 28AUG1985        -0.7        0.0        0.4        0.0
 04SEP1985        -0.9       -0.3        0.1        0.2
 11SEP1985        -0.8       -0.6       -0.4        0.0
 18SEP1985        -0.8       -0.5       -0.5       -0.4
 25SEP1985        -0.9       -0.7       -0.3       -0.3
 02OCT1985        -1.0       -0.7       -0.3       -0.1
 09OCT1985        -0.9       -0.8       -0.3        0.0
 16OCT1985        -0.5       -0.5       -0.4       -0.4
 23OCT1985        -0.5       -0.5       -0.3       -0.1
 30OCT1985        -0.4       -0.1        0.1        0.3
 06NOV1985        -0.4       -0.2        0.2        0.3
 13NOV1985        -0.6       -0.5        0.0        0.0
 20NOV1985        -0.3       -0.9       -0.5       -0.1
 27NOV1985        -0.1       -0.7       -0.4        0.1
 04DEC1985        -0.3       -0.5       -0.1        0.0
 11DEC1985        -0.1       -0.3        0.1        0.2
 18DEC1985        -0.1       -0.7       -0.3        0.1
 25DEC1985         0.1       -0.7       -0.5        0.0
 01JAN1986         0.4       -0.4       -0.3        0.0
 08JAN1986         0.2       -0.4       -0.1        0.0
 15JAN1986         0.5       -0.4       -0.2        0.1
 22JAN1986         0.5       -0.5       -0.3        0.0
 29JAN1986         0.5       -0.6       -0.5       -0.2
 05FEB1986         0.3       -0.6       -0.7        0.0
 12FEB1986         0.2       -0.1       -0.3        0.0
 19FEB1986        -0.1       -0.2       -0.4        0.0
 26FEB1986         0.1       -0.2       -0.6        0.1
 05MAR1986         0.3        0.1       -0.4        0.3
 12MAR1986         0.1        0.3       -0.1        0.4
 19MAR1986        -0.7        0.0       -0.1        0.2
 26MAR1986        -0.9       -0.4       -0.2       -0.1
 02APR1986        -0.9       -0.6       -0.2       -0.1
 09APR1986        -0.8       -0.2        0.0       -0.4
 16APR1986        -0.8        0.2        0.1       -0.4
 23APR1986        -0.6        0.2        0.0       -0.3
 30APR1986        -0.6       -0.3       -0.3       -0.3
 07MAY1986        -0.6       -0.4       -0.3       -0.1
 14MAY1986        -0.8       -0.6       -0.4       -0.3
 21MAY1986        -1.1       -0.6       -0.2        0.1
 28MAY1986        -1.2       -0.3        0.1        0.3
 04JUN1986        -0.9       -0.5       -0.3       -0.1
 11JUN1986        -0.8       -0.4        0.0        0.3
 18JUN1986        -0.5       -0.2        0.0        0.2
 25JUN1986        -0.7        0.3        0.4        0.2
 02JUL1986        -0.7        0.3        0.4        0.2
 09JUL1986        -0.3        0.4        0.5        0.1
 16JUL1986        -0.2        0.2        0.2        0.1
 23JUL1986        -0.3        0.2        0.3        0.0
 30JUL1986         0.0        0.2        0.4        0.2
 06AUG1986         0.1        0.0        0.3        0.2
 13AUG1986         0.5        0.2        0.5        0.5
 20AUG1986         0.4        0.3        0.7        0.6
 27AUG1986         0.2        0.7        1.0        0.5
 03SEP1986         0.5        0.9        1.0        0.4
 10SEP1986         0.3        0.7        0.8        0.5
 17SEP1986        -0.3        0.5        0.7        0.3
 24SEP1986         0.2        0.6        0.8        0.9
 01OCT1986         0.6        0.7        0.7        0.7
 08OCT1986         0.3        0.6        0.8        0.6
 15OCT1986         0.4        0.6        0.6        0.2
 22OCT1986         0.2        0.6        0.9        0.6
 29OCT1986         0.4        0.9        1.2        0.8
 05NOV1986         0.4        1.0        1.0        0.6
 12NOV1986         0.2        1.0        0.8        0.5
 19NOV1986         0.2        0.9        0.7        0.6
 26NOV1986         0.1        0.8        1.0        0.9
 03DEC1986         0.4        0.7        1.2        0.8
 10DEC1986         0.7        1.0        1.1        0.3
 17DEC1986         0.3        0.9        1.3        0.5
 24DEC1986         0.4        1.2        1.4        0.6
 31DEC1986         1.0        1.3        1.4        0.7
 07JAN1987         1.1        1.3        1.4        0.8
 14JAN1987         0.9        1.3        1.5        0.7
 21JAN1987         0.7        1.3        1.4        0.5
 28JAN1987         0.9        1.2        1.4        0.6
 04FEB1987         0.9        1.5        1.5        0.7
 11FEB1987         1.1        1.4        1.5        0.9
 18FEB1987         1.1        1.1        1.2        0.6
 25FEB1987         1.1        0.9        0.8        0.5
 04MAR1987         1.2        1.1        1.3        0.7
 11MAR1987         1.4        1.4        1.3        0.8
 18MAR1987         1.3        1.2        1.3        0.6
 25MAR1987         1.2        0.8        1.0        0.7
 01APR1987         1.0        0.9        1.1        0.7
 08APR1987         1.1        0.9        0.9        0.6
 15APR1987         1.1        1.1        0.9        0.5
 22APR1987         1.0        1.0        0.9        0.4
 29APR1987         1.3        0.9        0.5        0.5
 06MAY1987         1.5        0.9        0.4        0.2
 13MAY1987         0.8        0.7        0.3        0.0
 20MAY1987         0.6        0.8        0.7        0.2
 27MAY1987         0.9        0.6        0.5        0.3
 03JUN1987         0.9        0.2        0.5        0.4
 10JUN1987         0.9        0.4        0.5        0.2
 17JUN1987         0.6        0.9        1.0        0.4
 24JUN1987         0.5        1.0        1.4        0.7
 01JUL1987         0.8        0.9        1.3        0.9
 08JUL1987         0.7        1.2        1.1        0.3
 15JUL1987         0.9        1.2        1.1        0.4
 22JUL1987         0.5        1.0        1.0        0.1
 29JUL1987         0.5        1.1        1.2        0.4
 05AUG1987         0.6        1.0        1.2        0.6
 12AUG1987         0.8        0.8        1.0        0.3
 19AUG1987         1.0        1.1        1.3        0.3
 26AUG1987         0.6        1.4        1.4        0.2
 02SEP1987         0.3        1.3        1.4        0.2
 09SEP1987         0.8        1.4        1.3        0.1
 16SEP1987         0.6        1.5        1.6        0.6
 23SEP1987         0.8        1.6        1.3        0.4
 30SEP1987         1.0        1.4        1.2        0.2
 07OCT1987         1.3        1.4        1.2        0.4
 14OCT1987         1.4        1.1        1.1        0.6
 21OCT1987         1.1        0.5        0.8        0.8
 28OCT1987         1.2        0.5        0.9        1.0
 04NOV1987         1.2        0.5        0.7        0.9
 11NOV1987         0.6        0.6        0.7        0.5
 18NOV1987         0.8        0.8        0.8        0.3
 25NOV1987         0.8        0.8        1.0        0.7
 02DEC1987         0.8        1.0        1.0        0.8
 09DEC1987         0.7        1.0        0.8        0.9
 16DEC1987         0.4        1.1        0.8        0.4
 23DEC1987         0.5        1.1        0.8        0.3
 30DEC1987         0.1        0.9        0.9        0.5
 06JAN1988        -0.2        0.8        0.9        0.6
 13JAN1988        -0.4        0.5        0.7        0.6
 20JAN1988        -0.4        0.7        0.8        0.6
 27JAN1988        -0.7        0.2        0.6        0.4
 03FEB1988        -0.4       -0.1        0.3        0.4
 10FEB1988        -0.4       -0.2        0.3        0.5
 17FEB1988        -0.6       -0.4        0.0        0.1
 24FEB1988        -1.1       -0.1        0.0        0.1
 02MAR1988        -1.0        0.2        0.2        0.2
 09MAR1988        -1.1        0.4        0.3       -0.3
 16MAR1988        -0.9       -0.1        0.1       -0.2
 23MAR1988        -1.0       -0.8       -0.3       -0.2
 30MAR1988        -1.2       -0.8       -0.3       -0.1
 06APR1988        -1.2       -0.2       -0.1       -0.4
 13APR1988        -1.0       -0.5       -0.3       -0.9
 20APR1988        -1.4       -0.9       -0.8       -1.0
 27APR1988        -1.7       -1.5       -1.0       -0.6
 04MAY1988        -1.2       -1.5       -1.4       -0.8
 11MAY1988        -0.7       -1.4       -1.1       -0.4
 18MAY1988        -0.8       -1.7       -1.5       -0.8
 25MAY1988        -1.1       -2.2       -1.6       -0.7
 01JUN1988        -1.0       -2.0       -1.6       -0.6
 08JUN1988        -1.2       -2.0       -1.5       -0.8
 15JUN1988        -1.3       -1.8       -1.4       -0.9
 22JUN1988        -1.7       -2.2       -1.7       -0.8
 29JUN1988        -1.6       -2.1       -1.7       -0.9
 06JUL1988        -1.4       -2.0       -1.5       -0.8
 13JUL1988        -1.2       -2.0       -1.5       -0.9
 20JUL1988        -1.6       -1.9       -1.5       -0.8
 27JUL1988        -1.1       -1.8       -1.5       -0.7
 03AUG1988        -1.2       -1.8       -1.4       -0.5
 10AUG1988        -1.5       -1.6       -1.2       -0.7
 17AUG1988        -1.5       -1.5       -1.2       -1.0
 24AUG1988        -1.2       -1.3       -1.2       -0.8
 31AUG1988        -1.0       -0.7       -1.0       -0.7
 07SEP1988        -0.9       -0.7       -0.9       -0.7
 14SEP1988        -1.1       -0.6       -0.4       -0.3
 21SEP1988        -1.5       -0.5       -0.3       -0.4
 28SEP1988        -1.8       -1.2       -1.1       -0.8
 05OCT1988        -1.3       -1.3       -1.8       -1.8
 12OCT1988        -1.4       -1.2       -1.7       -1.7
 19OCT1988        -1.6       -1.4       -1.9       -1.7
 26OCT1988        -0.7       -1.6       -2.0       -1.6
 02NOV1988        -0.6       -1.6       -2.3       -1.7
 09NOV1988        -0.7       -1.4       -1.9       -1.7
 16NOV1988        -0.6       -1.1       -1.6       -1.6
 23NOV1988        -0.9       -1.8       -2.1       -1.8
 30NOV1988        -0.9       -2.1       -2.2       -1.4
 07DEC1988        -0.5       -1.8       -2.1       -1.6
 14DEC1988        -0.7       -1.7       -1.7       -1.4
 21DEC1988        -0.7       -1.2       -1.5       -1.7
 28DEC1988        -0.7       -1.1       -1.3       -1.6
 04JAN1989         0.0       -1.2       -1.8       -1.8
 11JAN1989         0.2       -1.2       -2.0       -1.9
 18JAN1989        -0.4       -1.2       -1.8       -1.6
 25JAN1989        -0.2       -0.9       -1.6       -1.6
 01FEB1989         0.5       -0.6       -1.3       -1.6
 08FEB1989         0.4       -0.8       -1.3       -1.3
 15FEB1989         0.2       -0.6       -1.4       -1.4
 22FEB1989         0.1       -0.3       -1.0       -1.1
 01MAR1989         0.0       -0.8       -1.0       -0.7
 08MAR1989         0.1       -0.7       -1.1       -1.1
 15MAR1989        -0.1       -1.0       -1.1       -1.2
 22MAR1989         0.9       -1.0       -1.3       -0.9
 29MAR1989         1.3       -0.9       -1.3       -0.8
 05APR1989         0.8       -0.3       -0.8       -1.0
 12APR1989         0.5       -0.5       -0.9       -0.9
 19APR1989         0.1       -0.8       -1.1       -0.6
 26APR1989        -0.5       -0.7       -1.0       -0.4
 03MAY1989        -0.9       -0.8       -0.9       -0.3
 10MAY1989        -0.9       -0.7       -0.5       -0.1
 17MAY1989        -0.7       -0.3       -0.2        0.1
 24MAY1989        -0.7       -0.3       -0.4       -0.3
 31MAY1989        -0.6       -0.4       -0.6       -0.6
 07JUN1989        -0.8       -0.1       -0.5       -0.9
 14JUN1989        -1.1        0.4        0.1       -0.6
 21JUN1989        -0.6        0.6        0.1       -0.8
 28JUN1989        -0.2        0.0       -0.3       -0.5
 05JUL1989        -0.3       -0.2       -0.4       -0.5
 12JUL1989        -0.4       -0.2       -0.4       -0.7
 19JUL1989        -0.3        0.0       -0.1       -0.6
 26JUL1989        -0.4       -0.1        0.1       -0.3
 02AUG1989        -0.5       -0.3       -0.2       -0.4
 09AUG1989        -0.3       -0.3       -0.3       -0.5
 16AUG1989         0.0       -0.3       -0.5       -0.7
 23AUG1989         0.2       -0.5       -0.5       -0.7
 30AUG1989        -0.1       -0.1       -0.3       -0.4
 06SEP1989        -0.3       -0.1       -0.2       -0.4
 13SEP1989        -0.5        0.1       -0.1       -0.3
 20SEP1989        -0.5       -0.1       -0.2       -0.1
 27SEP1989        -0.8       -0.2       -0.2       -0.1
 04OCT1989        -0.3       -0.2       -0.3        0.0
 11OCT1989        -0.4       -0.3       -0.3       -0.3
 18OCT1989        -0.5       -0.2       -0.2       -0.4
 25OCT1989         0.0       -0.3       -0.2       -0.3
 01NOV1989        -0.3       -0.3       -0.2       -0.2
 08NOV1989         0.0       -0.5       -0.6       -0.6
 15NOV1989         0.4       -0.3       -0.5       -0.9
 22NOV1989        -0.2       -0.4       -0.1       -0.5
 29NOV1989        -0.4       -0.4        0.0       -0.1
 06DEC1989        -0.3       -0.1        0.1        0.0
 13DEC1989        -0.2       -0.2        0.0        0.0
 20DEC1989        -0.1       -0.3        0.1        0.3
 27DEC1989        -0.1       -0.2        0.2        0.5
 03JAN1990        -0.2       -0.1        0.4        0.6
 10JAN1990        -0.4       -0.1        0.4        0.4
 17JAN1990        -0.4       -0.1        0.2        0.5
 24JAN1990        -0.5        0.0        0.2        0.3
 31JAN1990        -0.3        0.1        0.3        0.4
 07FEB1990        -0.1        0.0        0.2        0.1
 14FEB1990        -0.1       -0.1        0.0        0.2
 21FEB1990        -0.5        0.1        0.1        0.5
 28FEB1990        -0.5       -0.1        0.3        0.9
 07MAR1990        -0.1       -0.5        0.0        0.5
 14MAR1990        -0.3       -0.6       -0.2        0.2
 21MAR1990        -0.5       -0.2        0.1        0.6
 28MAR1990        -0.5       -0.2        0.1        0.5
 04APR1990        -0.7        0.1        0.4        0.4
 11APR1990        -1.1        0.0        0.3        0.5
 18APR1990        -0.9       -0.1        0.0        0.3
 25APR1990        -0.4        0.1        0.2        0.5
 02MAY1990        -0.5        0.0        0.3        0.4
 09MAY1990        -0.5        0.3        0.3        0.2
 16MAY1990        -0.4        0.2        0.3        0.1
 23MAY1990        -0.2        0.3        0.4        0.2
 30MAY1990        -0.1        0.3        0.3        0.0
 06JUN1990        -0.4        0.2        0.2        0.1
 13JUN1990         0.0        0.2        0.1        0.1
 20JUN1990         0.2        0.1        0.0        0.2
 27JUN1990        -0.1        0.1        0.0        0.3
 04JUL1990        -0.2        0.2        0.1        0.1
 11JUL1990        -0.4        0.3        0.3        0.2
 18JUL1990        -0.9        0.3        0.4        0.2
 25JUL1990        -1.1       -0.1        0.3        0.3
 01AUG1990        -0.4       -0.1        0.3        0.3
 08AUG1990        -0.4        0.0        0.4        0.5
 15AUG1990        -0.2        0.2        0.3        0.4
 22AUG1990        -0.2        0.2        0.3        0.4
 29AUG1990        -0.1        0.3        0.2        0.2
 05SEP1990        -0.5        0.2        0.2        0.3
 12SEP1990        -0.3        0.2        0.2        0.4
 19SEP1990        -0.2        0.2        0.2        0.5
 26SEP1990        -0.4        0.4        0.3        0.4
 03OCT1990        -0.3        0.5        0.4        0.3
 10OCT1990        -0.5        0.1        0.5        0.6
 17OCT1990        -0.7       -0.1        0.5        0.6
 24OCT1990        -0.9       -0.3        0.3        0.6
 31OCT1990        -0.9       -0.2        0.3        0.7
 07NOV1990        -0.7        0.0        0.3        0.5
 14NOV1990        -0.7       -0.2        0.1        0.3
 21NOV1990        -0.6       -0.2        0.1        0.4
 28NOV1990        -0.4       -0.2        0.1        0.6
 05DEC1990        -0.3        0.1        0.3        0.9
 12DEC1990        -0.8        0.0        0.3        0.8
 19DEC1990        -1.0       -0.1        0.5        0.6
 26DEC1990        -0.3        0.4        0.6        0.6
 02JAN1991        -0.2        0.4        0.7        0.6
 09JAN1991        -0.9        0.2        0.7        0.7
 16JAN1991        -0.7        0.2        0.7        0.9
 23JAN1991        -0.9        0.1        0.6        0.9
 30JAN1991        -1.2        0.1        0.5        0.7
 06FEB1991        -0.6        0.1        0.5        0.8
 13FEB1991        -0.3        0.0        0.4        0.8
 20FEB1991         0.2        0.0        0.3        0.4
 27FEB1991         0.0        0.0        0.1        0.4
 06MAR1991        -0.1       -0.3        0.0        0.5
 13MAR1991         0.1       -0.2        0.0        0.6
 20MAR1991         0.0        0.2        0.3        0.3
 27MAR1991         0.2        0.4        0.5        0.6
 03APR1991        -0.2       -0.1        0.2        0.5
 10APR1991        -0.9       -0.3        0.3        0.6
 17APR1991        -0.5        0.3        0.7        0.7
 24APR1991        -0.6        0.4        0.6        0.5
 01MAY1991        -0.5        0.1        0.2        0.4
 08MAY1991        -0.1        0.0        0.0        0.3
 15MAY1991         0.1        0.4        0.6        1.0
 22MAY1991         0.7        0.6        0.7        0.9
 29MAY1991         0.5        0.6        0.7        0.9
 05JUN1991         0.1        0.7        0.5        0.3
 12JUN1991         0.1        0.7        0.5        0.3
 19JUN1991        -0.2        0.6        0.6        0.5
 26JUN1991        -0.1        1.2        1.0        0.6
 03JUL1991         0.0        0.7        0.6        0.4
 10JUL1991         0.6        1.0        0.7        0.0
 17JUL1991         0.5        1.0        0.9        0.7
 24JUL1991         0.2        0.6        0.5        0.3
 31JUL1991         0.4        0.6        0.7        0.5
 07AUG1991         0.3        0.4        0.7        0.6
 14AUG1991         0.5        0.5        0.9        0.7
 21AUG1991         0.3        0.6        1.0        0.8
 28AUG1991         0.2        0.5        0.6        0.5
 04SEP1991         0.4        0.3        0.4        0.3
 11SEP1991         0.4       -0.1        0.3        0.3
 18SEP1991         0.4        0.6        0.9        0.6
 25SEP1991         0.4        0.7        0.8        0.5
 02OCT1991         0.5        0.7        0.8        0.9
 09OCT1991         0.3        0.6        1.3        1.3
 16OCT1991         0.0        0.3        0.9        1.0
 23OCT1991         0.7        0.6        0.9        0.9
 30OCT1991         1.3        1.0        1.1        0.9
 06NOV1991         0.9        1.1        1.2        0.8
 13NOV1991         0.4        1.2        1.4        0.9
 20NOV1991         0.6        1.2        1.3        0.8
 27NOV1991         0.5        1.2        1.6        1.0
 04DEC1991         0.8        1.2        1.6        1.2
 11DEC1991         0.9        1.4        2.0        1.1
 18DEC1991         0.8        1.6        2.1        1.2
 25DEC1991         0.3        1.5        2.1        1.3
 01JAN1992         0.3        1.6        2.3        1.3
 08JAN1992         0.4        1.7        2.3        1.2
 15JAN1992         0.2        1.8        2.3        1.0
 22JAN1992         0.1        1.7        2.2        0.9
 29JAN1992         0.8        1.6        2.1        0.8
 05FEB1992         0.1        1.4        1.9        0.8
 12FEB1992         0.6        1.4        2.1        1.0
 19FEB1992         0.4        1.3        2.2        1.3
 26FEB1992         0.8        1.4        2.1        1.3
 04MAR1992         0.7        1.1        1.9        1.5
 11MAR1992         1.0        1.1        1.8        1.3
 18MAR1992         1.3        1.2        1.6        0.7
 25MAR1992         1.6        1.2        1.6        0.8
 01APR1992         2.0        1.4        1.7        1.1
 08APR1992         1.9        1.4        1.7        1.0
 15APR1992         1.8        1.5        1.7        0.9
 22APR1992         1.8        1.4        1.4        0.7
 29APR1992         1.7        1.3        1.4        0.7
 06MAY1992         2.3        1.6        1.4        0.6
 13MAY1992         1.9        1.3        1.2        0.7
 20MAY1992         1.7        1.1        1.3        0.7
 27MAY1992         1.7        1.3        1.1        0.4
 03JUN1992         0.8        0.8        0.8        0.5
 10JUN1992         0.7        0.9        0.8        0.4
 17JUN1992         1.1        1.0        0.8        0.4
 24JUN1992         0.6        0.6        0.7        0.5
 01JUL1992        -0.3        0.1        0.4        0.6
 08JUL1992        -0.1        0.3        0.6        0.7
 15JUL1992        -0.2        0.1        0.4        0.7
 22JUL1992        -0.3       -0.1        0.4        0.6
 29JUL1992         0.2       -0.3        0.3        0.6
 05AUG1992        -0.1       -0.5        0.1        0.5
 12AUG1992         0.4        0.4        0.3        0.1
 19AUG1992         0.2        0.2        0.3        0.3
 26AUG1992         0.0        0.2        0.3        0.3
 02SEP1992         0.4        0.0        0.0        0.1
 09SEP1992        -0.2        0.1        0.1        0.4
 16SEP1992        -0.1        0.1        0.3        0.4
 23SEP1992         0.2        0.3        0.2        0.4
 30SEP1992         0.5        0.3        0.2        0.2
 07OCT1992         0.5        0.1        0.0        0.1
 14OCT1992         0.2       -0.1       -0.1        0.2
 21OCT1992         0.4       -0.2       -0.4        0.1
 28OCT1992         0.7       -0.2       -0.3        0.2
 04NOV1992         0.2        0.2        0.0        0.1
 11NOV1992         0.1        0.4        0.3        0.0
 18NOV1992         0.0        0.1        0.2       -0.1
 25NOV1992         0.3        0.1        0.6        0.4
 02DEC1992         0.5        0.3        0.5        0.5
 09DEC1992         0.1        0.7        0.8        0.4
 16DEC1992        -0.5        0.3        0.8        0.6
 23DEC1992        -0.1        0.0        0.6        0.7
 30DEC1992         0.2        0.1        0.3        0.5
 06JAN1993         0.0        0.6        0.4        0.1
 13JAN1993        -0.1        0.6        0.8        0.7
 20JAN1993        -0.1        0.2        0.6        0.8
 27JAN1993        -0.1        0.3        0.6        0.7
 03FEB1993         0.2        0.5        0.7        0.4
 10FEB1993         0.6        0.8        0.7        0.3
 17FEB1993         0.6        0.9        0.8        0.2
 24FEB1993         0.2        0.6        0.8        0.5
 03MAR1993         0.3        0.5        0.5        0.3
 10MAR1993         0.5        0.5        0.5        0.4
 17MAR1993         0.4        0.4        0.7        0.6
 24MAR1993         1.0        1.0        0.9        0.6
 31MAR1993         1.3        0.8        0.4        0.2
 07APR1993         0.5        0.6        0.4        0.3
 14APR1993         0.3        0.9        1.0        0.4
 21APR1993         0.8        1.1        1.1        0.4
 28APR1993         1.2        1.4        1.2        0.4
 05MAY1993         1.1        1.4        1.1        0.2
 12MAY1993         1.2        1.3        1.0        0.2
 19MAY1993         0.8        1.0        1.0        0.3
 26MAY1993         0.4        1.0        1.0        0.3
 02JUN1993         0.6        0.4        0.6        0.4
 09JUN1993         0.6        0.3        0.5        0.2
 16JUN1993         0.7        0.5        0.4        0.1
 23JUN1993         0.6        0.6        0.5        0.2
 30JUN1993         0.9        0.6        0.5        0.3
 07JUL1993         0.5        0.4        0.4        0.1
 14JUL1993         0.6        0.6        0.6        0.4
 21JUL1993         0.4        0.5        0.5        0.3
 28JUL1993         0.0        0.2        0.5        0.5
 04AUG1993         0.0        0.3        0.3        0.2
 11AUG1993         0.2        0.2        0.2        0.4
 18AUG1993         0.7        0.4        0.3        0.2
 25AUG1993         0.8        0.5        0.3        0.4
 01SEP1993         0.5        0.3        0.3        0.4
 08SEP1993         0.5        0.7        0.6        0.4
 15SEP1993         0.9        0.5        0.5        0.4
 22SEP1993         0.6        0.2        0.5        0.5
 29SEP1993         0.2        0.3        0.4        0.2
 06OCT1993         0.3        0.6        0.4        0.2
 13OCT1993         0.6        0.8        0.6        0.1
 20OCT1993         0.8        0.2        0.3        0.3
 27OCT1993         0.6        0.3        0.6        0.3
 03NOV1993         0.7        0.5        0.7        0.3
 10NOV1993         0.4        0.2        0.4        0.2
 17NOV1993         0.0        0.1        0.1        0.1
 24NOV1993         0.0       -0.1        0.0        0.4
 01DEC1993        -0.4        0.2        0.3        0.6
 08DEC1993        -0.6        0.2        0.5        0.8
 15DEC1993         0.1        0.1        0.2        0.5
 22DEC1993         0.0        0.2        0.3        0.6
 29DEC1993         0.1        0.2        0.0        0.2
 05JAN1994         0.0        0.6        0.3        0.4
 12JAN1994        -0.1        0.4        0.4        0.4
 19JAN1994        -0.2        0.2        0.2        0.4
 26JAN1994        -0.1        0.2        0.1        0.3
 02FEB1994         0.2        0.4        0.3        0.3
 09FEB1994         0.2        0.5        0.5        0.2
 16FEB1994        -0.4        0.0        0.2        0.0
 23FEB1994        -0.1       -0.5       -0.1       -0.3
 02MAR1994        -0.4        0.0        0.1        0.2
 09MAR1994        -0.9        0.0        0.6        0.5
 16MAR1994        -1.0       -0.1        0.6        0.5
 23MAR1994        -1.5       -0.5        0.2        0.1
 30MAR1994        -1.2       -0.3        0.4        0.0
 06APR1994        -1.2       -0.1        0.5        0.3
 13APR1994        -1.3       -0.3        0.7        0.4
 20APR1994        -1.4       -0.6        0.3       -0.1
 27APR1994        -1.4       -0.3        0.5        0.2
 04MAY1994        -1.4       -0.5        0.1        0.4
 11MAY1994        -1.0       -0.3        0.3        0.6
 18MAY1994        -0.8        0.1        0.6        0.7
 25MAY1994        -0.9        0.1        0.5        0.5
 01JUN1994        -0.9        0.0        0.6        0.8
 08JUN1994        -0.5        0.1        0.5        0.4
 15JUN1994        -0.4        0.2        0.7        0.6
 22JUN1994        -0.7        0.1        0.6        0.6
 29JUN1994        -0.5       -0.1        0.2        0.8
 06JUL1994        -0.3       -0.2        0.2        0.7
 13JUL1994        -0.4       -0.6        0.2        1.0
 20JUL1994        -0.4       -0.3        0.4        1.0
 27JUL1994        -0.4       -0.3        0.6        1.1
 03AUG1994        -0.6       -0.2        0.8        1.2
 10AUG1994        -1.1       -0.1        0.8        1.0
 17AUG1994        -0.8       -0.3        0.6        0.9
 24AUG1994        -0.6        0.0        0.6        0.9
 31AUG1994        -0.4        0.1        0.7        0.9
 07SEP1994        -0.3        0.1        0.7        0.9
 14SEP1994        -0.3        0.2        0.6        0.7
 21SEP1994         0.0        0.2        0.6        0.9
 28SEP1994         0.0        0.6        0.8        0.8
 05OCT1994         0.5        0.8        0.9        0.8
 12OCT1994         1.2        0.9        0.8        0.6
 19OCT1994         1.0        0.7        0.9        0.9
 26OCT1994         1.0        0.8        1.0        1.0
 02NOV1994         0.7        0.8        1.2        0.9
 09NOV1994         0.8        1.1        1.1        0.7
 16NOV1994         0.8        0.9        1.2        0.9
 23NOV1994         1.0        1.2        1.3        1.1
 30NOV1994         1.0        1.3        1.7        1.3
 07DEC1994         1.0        1.2        1.5        1.1
 14DEC1994         1.1        1.1        1.7        1.4
 21DEC1994         0.9        1.1        1.6        1.0
 28DEC1994         1.0        1.2        1.3        0.9
 04JAN1995         0.6        0.9        1.2        0.8
 11JAN1995         1.0        0.9        1.2        0.9
 18JAN1995         0.7        0.9        1.2        1.0
 25JAN1995         0.7        0.6        0.9        0.9
 01FEB1995         0.8        0.9        1.1        1.0
 08FEB1995         0.7        0.7        0.9        1.0
 15FEB1995         0.0        0.3        0.7        1.0
 22FEB1995        -0.3        0.4        0.8        0.9
 01MAR1995        -0.5        0.0        0.8        1.1
 08MAR1995        -0.3       -0.2        0.7        0.9
 15MAR1995         0.2       -0.3        0.3        0.8
 22MAR1995        -0.2       -0.1        0.4        0.8
 29MAR1995        -0.7       -0.2        0.4        0.9
 05APR1995        -1.0       -0.1        0.6        0.7
 12APR1995        -1.1       -0.3        0.4        0.6
 19APR1995        -1.1       -0.4        0.3        0.6
 26APR1995        -1.7       -0.9        0.2        0.7
 03MAY1995        -1.7       -1.0        0.2        0.8
 10MAY1995        -1.2       -0.9        0.0        0.8
 17MAY1995        -1.0       -0.9       -0.2        0.7
 24MAY1995        -0.7       -0.6       -0.2        0.4
 31MAY1995        -1.1       -0.5       -0.1        0.4
 07JUN1995        -0.6       -0.6       -0.2        0.5
 14JUN1995        -0.4       -0.4       -0.1        0.3
 21JUN1995        -1.0       -0.7       -0.4        0.2
 28JUN1995        -0.8       -0.5       -0.3       -0.1
 05JUL1995        -0.2       -0.2       -0.1        0.1
 12JUL1995        -0.6       -0.3       -0.1        0.0
 19JUL1995        -0.7       -0.3       -0.1        0.1
 26JUL1995        -0.4       -0.4       -0.2       -0.1
 02AUG1995        -0.7       -0.6       -0.3       -0.1
 09AUG1995        -0.5       -0.7       -0.4        0.0
 16AUG1995        -0.8       -0.7       -0.4        0.0
 23AUG1995        -0.5       -0.7       -0.5       -0.1
 30AUG1995        -0.3       -0.8       -0.6       -0.1
 06SEP1995         0.2       -0.7       -0.5       -0.4
 13SEP1995        -0.3       -0.7       -0.5       -0.2
 20SEP1995        -0.1       -0.6       -0.3        0.0
 27SEP1995        -0.2       -0.8       -0.6        0.2
 04OCT1995        -0.7       -1.0       -0.9       -0.2
 11OCT1995        -0.7       -0.5       -0.7       -0.2
 18OCT1995        -0.6       -0.6       -0.8       -0.4
 25OCT1995        -0.5       -0.8       -0.7       -0.4
 01NOV1995         0.1       -0.7       -0.8       -0.6
 08NOV1995         0.1       -1.0       -0.8       -0.3
 15NOV1995         0.3       -1.0       -1.0       -0.6
 22NOV1995         0.0       -1.0       -1.0       -0.7
 29NOV1995        -0.2       -0.9       -0.9       -0.3
 06DEC1995        -1.0       -1.0       -0.9       -0.6
 13DEC1995        -0.8       -1.0       -1.0       -0.4
 20DEC1995        -0.7       -0.8       -0.6       -0.2
 27DEC1995        -0.3       -0.7       -0.8       -0.3
 03JAN1996        -0.2       -0.6       -0.9       -0.3
 10JAN1996        -0.5       -0.5       -0.8       -0.3
 17JAN1996        -0.5       -0.2       -0.4       -0.3
 24JAN1996        -1.0       -0.5       -0.4       -0.1
 31JAN1996        -0.5       -0.7       -0.8       -0.2
 07FEB1996        -0.2       -0.9       -1.1       -0.6
 14FEB1996        -0.5       -0.6       -0.6       -0.4
 21FEB1996        -0.4       -0.5       -0.6       -0.7
 28FEB1996        -0.3       -0.3       -0.4       -0.5
 06MAR1996         0.0       -0.3       -0.6       -0.6
 13MAR1996        -0.1       -0.2       -0.6       -0.5
 20MAR1996        -0.1       -0.4       -0.6       -0.5
 27MAR1996        -0.5       -0.7       -0.7       -0.5
 03APR1996        -1.4       -0.7       -0.3       -0.4
 10APR1996        -1.8       -0.5       -0.1       -0.2
 17APR1996        -1.6       -0.7       -0.3       -0.4
 24APR1996        -1.6       -0.9       -0.2       -0.3
 01MAY1996        -1.6       -1.0       -0.1       -0.1
 08MAY1996        -1.2       -0.7       -0.1        0.0
 15MAY1996        -1.0       -0.5       -0.3       -0.3
 22MAY1996        -0.9       -0.7       -0.5       -0.1
 29MAY1996        -0.8       -0.7       -0.3        0.1
 05JUN1996        -1.2       -0.7       -0.3       -0.1
 12JUN1996        -1.0       -0.6       -0.4       -0.4
 19JUN1996        -1.2       -0.6       -0.3       -0.5
 26JUN1996        -1.4       -0.6       -0.2       -0.1
 03JUL1996        -1.4       -0.4       -0.1       -0.2
 10JUL1996        -1.3       -0.7       -0.3       -0.2
 17JUL1996        -1.0       -0.4       -0.2       -0.4
 24JUL1996        -1.0       -0.4        0.0       -0.2
 31JUL1996        -1.3       -0.4       -0.2       -0.2
 07AUG1996        -1.1       -0.3       -0.1       -0.2
 14AUG1996        -0.9       -0.3       -0.1        0.0
 21AUG1996        -0.6       -0.4       -0.1        0.1
 28AUG1996        -1.2       -0.5        0.1        0.1
 04SEP1996        -1.1       -0.4        0.0       -0.1
 11SEP1996        -0.7       -0.4       -0.3       -0.4
 18SEP1996        -0.9       -0.3        0.0        0.2
 25SEP1996        -0.9       -0.3       -0.2        0.0
 02OCT1996        -0.9       -0.3       -0.3       -0.1
 09OCT1996        -0.8       -0.5       -0.4        0.1
 16OCT1996        -0.1       -0.5       -0.3       -0.1
 23OCT1996        -0.2       -0.5       -0.3       -0.2
 30OCT1996        -0.7       -0.4       -0.2       -0.2
 06NOV1996        -0.8       -0.4       -0.3       -0.5
 13NOV1996        -1.3       -0.3        0.0        0.1
 20NOV1996        -1.3       -0.4        0.0       -0.1
 27NOV1996        -1.0       -0.6       -0.2       -0.1
 04DEC1996        -1.3       -0.6        0.0        0.5
 11DEC1996        -0.7       -0.9       -0.4        0.2
 18DEC1996        -0.9       -0.9       -0.4        0.2
 25DEC1996        -1.0       -1.0       -0.5        0.1
 01JAN1997        -0.8       -0.7       -0.3        0.2
 08JAN1997        -0.7       -0.6       -0.2        0.4
 15JAN1997        -0.8       -0.7       -0.4        0.2
 22JAN1997        -0.8       -0.7       -0.2        0.5
 29JAN1997        -0.4       -0.7        0.1        0.6
 05FEB1997        -0.1       -0.7       -0.1        0.5
 12FEB1997        -0.1       -0.5       -0.1        0.7
 19FEB1997         0.1       -0.3        0.1        0.7
 26FEB1997        -0.2       -0.3        0.0        0.6
 05MAR1997         0.6       -0.3       -0.4        0.2
 12MAR1997         0.5       -0.4       -0.4        0.3
 19MAR1997         0.7       -0.1        0.1        0.4
 26MAR1997         0.8        0.1        0.2        1.0
 02APR1997         1.1       -0.3        0.1        1.1
 09APR1997         0.9       -0.3        0.2        1.1
 16APR1997         1.1        0.0        0.3        0.9
 23APR1997         1.1        0.3        0.5        1.1
 30APR1997         1.6        0.6        0.6        1.0
 07MAY1997         1.9        0.5        0.6        1.0
 14MAY1997         2.2        0.6        0.6        0.6
 21MAY1997         2.5        0.5        0.6        0.9
 28MAY1997         2.6        1.0        1.0        0.8
 04JUN1997         2.5        1.3        1.1        0.5
 11JUN1997         3.0        1.3        0.8        0.2
 18JUN1997         3.0        1.5        1.1        0.3
 25JUN1997         3.4        1.6        1.1        0.5
 02JUL1997         3.5        1.8        1.1        0.2
 09JUL1997         3.5        1.8        1.3        0.5
 16JUL1997         3.7        2.0        1.4        0.4
 23JUL1997         3.8        1.9        1.5        0.6
 30JUL1997         3.7        2.2        1.4        0.4
 06AUG1997         3.9        2.3        1.6        0.3
 13AUG1997         4.1        2.5        1.7        0.2
 20AUG1997         3.8        2.6        1.8        0.4
 27AUG1997         3.3        2.6        1.9        0.4
 03SEP1997         3.6        2.8        2.0        0.4
 10SEP1997         3.8        2.6        1.8        0.5
 17SEP1997         3.6        2.6        1.9        0.6
 24SEP1997         3.8        2.7        1.8        0.5
 01OCT1997         3.5        2.8        2.0        0.2
 08OCT1997         3.5        2.9        2.0        0.0
 15OCT1997         3.4        2.8        2.1        0.3
 22OCT1997         3.6        2.9        1.9        0.0
 29OCT1997         3.6        2.8        1.8       -0.1
 05NOV1997         3.7        3.1        2.1        0.0
 12NOV1997         3.8        3.2        2.1        0.3
 19NOV1997         3.7        3.1        2.1        0.6
 26NOV1997         3.7        3.3        2.1        0.4
 03DEC1997         4.0        3.1        2.0        0.2
 10DEC1997         4.1        3.1        1.9       -0.2
 17DEC1997         3.9        3.2        2.1        0.1
 24DEC1997         3.8        3.2        2.0        0.1
 31DEC1997         3.7        3.0        1.9        0.1
 07JAN1998         3.6        2.9        1.9        0.0
 14JAN1998         3.1        2.9        2.0        0.1
 21JAN1998         2.6        3.0        2.2        0.0
 28JAN1998         2.3        2.7        2.0        0.3
 04FEB1998         2.2        2.8        2.2        0.3
 11FEB1998         1.9        2.4        1.8        0.3
 18FEB1998         1.6        1.8        1.3        0.1
 25FEB1998         1.6        1.7        1.1       -0.2
 04MAR1998         2.0        1.9        1.2        0.0
 11MAR1998         2.1        1.7        1.0        0.1
 18MAR1998         1.9        1.6        0.8       -0.3
 25MAR1998         1.7        1.7        1.2       -0.1
 01APR1998         2.2        1.6        1.0       -0.2
 08APR1998         2.6        1.7        0.6       -0.5
 15APR1998         2.7        1.3        0.2       -0.6
 22APR1998         1.9        1.1        0.3       -0.5
 29APR1998         2.1        1.0        0.4       -0.1
 06MAY1998         2.8        1.5        0.8       -0.3
 13MAY1998         3.2        1.3        0.4       -0.6
 20MAY1998         3.3        0.8        0.2       -0.8
 27MAY1998         3.0        0.1       -0.2       -0.5
 03JUN1998         2.8       -0.3       -0.8       -0.6
 10JUN1998         2.5       -0.5       -1.1       -0.7
 17JUN1998         1.6       -0.5       -0.7       -0.6
 24JUN1998         1.4       -0.3       -1.0       -0.8
 01JUL1998         1.2       -0.4       -1.2       -1.0
 08JUL1998         1.5       -0.2       -1.1       -0.9
 15JUL1998         1.5       -0.6       -1.3       -0.8
 22JUL1998         1.3       -0.7       -1.4       -1.1
 29JUL1998         1.9       -0.7       -1.5       -1.2
 05AUG1998         1.5       -0.5       -1.4       -0.9
 12AUG1998         0.8       -0.8       -1.4       -0.9
 19AUG1998         0.7       -0.8       -1.6       -1.2
 26AUG1998         0.7       -0.2       -1.1       -1.2
 02SEP1998         1.0       -0.3       -1.0       -0.8
 09SEP1998         0.2       -0.5       -0.7       -0.4
 16SEP1998         0.5       -0.7       -1.0       -0.6
 23SEP1998         0.4       -0.7       -1.3       -1.1
 30SEP1998         1.0       -0.9       -1.4       -1.3
 07OCT1998         1.2       -1.0       -1.4       -1.3
 14OCT1998         0.9       -0.9       -1.3       -1.5
 21OCT1998         0.8       -0.7       -1.3       -1.7
 28OCT1998         1.0       -0.7       -1.3       -1.6
 04NOV1998         0.3       -0.3       -1.2       -1.5
 11NOV1998         0.1       -0.5       -1.3       -1.7
 18NOV1998         0.1       -0.8       -1.3       -1.5
 25NOV1998        -0.4       -0.9       -1.4       -1.4
 02DEC1998         0.0       -1.0       -1.4       -1.4
 09DEC1998         0.9       -1.1       -1.7       -1.6
 16DEC1998         0.9       -0.9       -1.7       -1.6
 23DEC1998         0.8       -1.0       -1.9       -1.5
 30DEC1998         0.3       -1.1       -1.8       -1.6
 06JAN1999        -0.1       -1.2       -1.7       -1.6
 13JAN1999        -0.2       -1.0       -1.4       -1.5
 20JAN1999        -0.8       -0.7       -1.2       -1.7
 27JAN1999        -0.7       -0.6       -1.2       -1.7
 03FEB1999        -0.3       -0.6       -0.9       -1.4
 10FEB1999        -0.5       -1.1       -1.3       -1.6
 17FEB1999         0.0       -0.5       -0.9       -1.6
 24FEB1999         0.3        0.1       -0.6       -1.5
 03MAR1999         0.8        0.1       -0.7       -1.5
 10MAR1999         0.3       -0.2       -0.8       -1.5
 17MAR1999         0.3        0.1       -0.7       -1.1
 24MAR1999         0.3       -0.2       -0.8       -1.2
 31MAR1999        -0.1       -0.3       -1.0       -1.5
 07APR1999        -0.9       -0.5       -0.9       -1.5
 14APR1999        -1.6       -0.7       -0.6       -1.0
 21APR1999        -2.1       -0.4       -0.5       -1.0
 28APR1999        -1.4       -0.3       -0.6       -0.9
 05MAY1999        -1.0       -0.4       -0.5       -0.7
 12MAY1999        -0.2       -0.1       -0.6       -0.7
 19MAY1999        -0.2       -0.3       -0.8       -0.9
 26MAY1999        -0.2       -0.4       -0.7       -0.7
 02JUN1999        -0.1       -0.5       -0.8       -0.5
 09JUN1999        -0.1       -0.4       -0.8       -0.8
 16JUN1999        -0.6       -0.3       -0.7       -0.8
 23JUN1999        -1.0       -0.6       -0.8       -0.4
 30JUN1999        -0.8       -0.4       -0.7       -0.5
 07JUL1999        -0.7       -0.3       -0.6       -0.8
 14JUL1999        -0.4       -0.6       -0.8       -1.1
 21JUL1999        -0.8       -0.7       -0.8       -1.1
 28JUL1999        -0.4       -0.9       -1.0       -0.7
 04AUG1999        -0.5       -0.5       -0.6       -0.4
 11AUG1999        -1.0       -0.7       -0.9       -0.5
 18AUG1999        -0.5       -0.6       -1.1       -0.7
 25AUG1999         0.1       -0.7       -1.0       -0.8
 01SEP1999        -0.3       -0.8       -0.9       -0.7
 08SEP1999        -0.5       -0.8       -0.7       -0.9
 15SEP1999        -0.8       -1.0       -0.8       -0.7
 22SEP1999        -0.5       -0.9       -0.7       -0.4
 29SEP1999        -0.6       -0.8       -0.7       -0.4
 06OCT1999        -0.4       -1.1       -0.7       -0.4
 13OCT1999        -0.4       -1.1       -0.7       -0.3
 20OCT1999        -0.4       -1.1       -1.0       -0.6
 27OCT1999        -0.1       -1.1       -1.2       -0.8
 03NOV1999        -0.6       -1.2       -1.2       -0.9
 10NOV1999        -0.8       -1.0       -1.2       -1.0
 17NOV1999        -0.6       -1.2       -1.3       -0.8
 24NOV1999        -0.5       -1.8       -1.7       -0.9
 01DEC1999        -0.6       -1.8       -1.7       -0.9
 08DEC1999        -0.8       -1.6       -1.5       -1.1
 15DEC1999        -0.3       -1.5       -1.5       -1.2
 22DEC1999         0.2       -1.1       -1.4       -1.2
 29DEC1999         0.2       -1.3       -1.5       -1.0
 05JAN2000        -0.1       -1.6       -1.6       -0.9
 12JAN2000        -0.2       -1.4       -1.6       -1.1
 19JAN2000        -0.6       -1.5       -1.5       -0.9
 26JAN2000        -0.6       -1.6       -1.7       -1.1
 02FEB2000        -0.1       -0.8       -1.5       -1.3
 09FEB2000        -0.6       -0.8       -1.3       -1.5
 16FEB2000        -0.2       -0.9       -1.4       -1.3
 23FEB2000         0.5       -1.1       -1.8       -1.5
 01MAR2000         0.0       -0.9       -1.5       -1.5
 08MAR2000         0.0       -0.6       -1.1       -1.3
 15MAR2000        -0.4       -0.4       -1.1       -1.5
 22MAR2000        -0.8        0.0       -0.8       -1.5
 29MAR2000        -0.4        0.1       -0.6       -1.4
 05APR2000         0.2        0.4       -0.5       -1.4
 12APR2000         0.5        0.2       -0.6       -1.3
 19APR2000         0.6        0.3       -0.7       -1.0
 26APR2000         0.5        0.2       -0.7       -0.9
 03MAY2000         0.2        0.0       -0.9       -1.5
 10MAY2000         0.0        0.0       -0.8       -1.1
 17MAY2000        -0.6       -0.3       -0.7       -0.7
 24MAY2000        -0.3       -0.4       -0.6       -0.8
 31MAY2000        -0.3       -0.4       -0.6       -0.4
 07JUN2000         0.1       -0.5       -0.5       -0.2
 14JUN2000         0.1       -0.2       -0.1        0.1
 21JUN2000         0.0       -0.1       -0.1       -0.2
 28JUN2000        -0.7       -0.4       -0.4       -0.4
 05JUL2000        -1.2       -0.4       -0.3       -0.5
 12JUL2000        -0.7       -0.5       -0.3       -0.3
 19JUL2000        -0.7       -0.6       -0.3       -0.2
 26JUL2000        -0.4       -0.4       -0.5        0.0
 02AUG2000        -0.5       -0.2       -0.3       -0.1
 09AUG2000        -0.7       -0.4       -0.2       -0.2
 16AUG2000        -0.8       -0.5       -0.3       -0.4
 23AUG2000        -0.9       -0.5       -0.4       -0.5
 30AUG2000        -0.9       -0.1       -0.2       -0.3
 06SEP2000        -0.5       -0.2       -0.4       -0.2
 13SEP2000        -0.3       -0.3       -0.4       -0.1
 20SEP2000        -0.3       -0.5       -0.3        0.1
 27SEP2000        -0.5       -0.3       -0.3       -0.4
 04OCT2000        -0.2        0.0       -0.5       -0.7
 11OCT2000        -0.3       -0.4       -0.4       -0.5
 18OCT2000        -0.3       -0.5       -0.5       -0.4
 25OCT2000        -0.6       -0.6       -0.8       -0.6
 01NOV2000        -0.5       -0.6       -0.9       -0.5
 08NOV2000        -0.5       -0.8       -0.9       -0.5
 15NOV2000        -0.8       -0.9       -0.7       -0.3
 22NOV2000        -1.5       -0.9       -0.7       -0.6
 29NOV2000        -0.9       -0.7       -0.7       -0.8
 06DEC2000         0.0       -0.3       -0.9       -1.1
 13DEC2000         0.1       -0.5       -0.8       -1.0
 20DEC2000         0.2       -0.5       -0.9       -1.0
 27DEC2000        -0.7       -0.5       -0.8       -1.1
 03JAN2001        -0.5       -0.5       -0.8       -0.8
 10JAN2001        -0.3       -0.4       -0.8       -0.9
 17JAN2001        -0.2       -0.1       -0.4       -0.7
 24JAN2001        -0.1        0.2       -0.5       -1.0
 31JAN2001        -0.1        0.1       -0.3       -0.9
 07FEB2001         0.2       -0.1       -0.5       -0.9
 14FEB2001        -0.2       -0.2       -0.4       -0.9
 21FEB2001        -0.6        0.1       -0.4       -1.1
 28FEB2001        -0.4        0.3       -0.4       -1.0
 07MAR2001        -0.2        0.6       -0.2       -0.8
 14MAR2001         0.1        0.2       -0.4       -1.0
 21MAR2001         1.1        0.0       -0.4       -0.7
 28MAR2001         1.1        0.1       -0.5       -0.7
 04APR2001         1.1        0.0       -0.4       -0.7
 11APR2001         0.7        0.1       -0.5       -0.6
 18APR2001         0.6        0.0       -0.4       -0.5
 25APR2001        -0.2       -0.2       -0.6       -0.6
 02MAY2001        -0.6       -0.3       -0.8       -0.8
 09MAY2001        -0.3       -0.2       -0.6       -0.5
 16MAY2001        -0.3       -0.2       -0.5       -0.4
 23MAY2001        -0.4       -0.2       -0.4       -0.3
 30MAY2001        -0.3       -0.2       -0.3       -0.2
 06JUN2001        -0.6       -0.3       -0.2       -0.3
 13JUN2001        -0.8       -0.1       -0.1       -0.4
 20JUN2001        -0.7        0.0        0.0       -0.2
 27JUN2001        -0.7       -0.2        0.1        0.0
 04JUL2001        -0.8       -0.5       -0.1        0.3
 11JUL2001        -0.3       -0.3       -0.1        0.2
 18JUL2001        -0.5       -0.2        0.1        0.4
 25JUL2001        -0.5       -0.3        0.0        0.3
 01AUG2001        -0.6       -0.2        0.1        0.3
 08AUG2001        -0.6       -0.1        0.2        0.1
 15AUG2001        -0.4       -0.4       -0.1        0.0
 22AUG2001        -0.5       -0.4        0.0        0.3
 29AUG2001        -0.4       -0.5       -0.2        0.5
 05SEP2001        -0.5       -0.5       -0.1        0.6
 12SEP2001        -0.8       -0.5       -0.1        0.6
 19SEP2001        -0.7       -0.5       -0.2        0.6
 26SEP2001        -0.8       -0.3        0.0        0.5
 03OCT2001        -1.0       -0.4       -0.1        0.4
 10OCT2001        -1.0       -0.3       -0.1        0.4
 17OCT2001        -1.1       -0.3       -0.2        0.2
 24OCT2001        -1.1       -0.5       -0.2        0.4
 31OCT2001        -1.0       -0.6       -0.1        0.5
 07NOV2001        -0.7       -0.8       -0.1        0.8
 14NOV2001        -0.8       -0.9       -0.4        0.3
 21NOV2001        -0.6       -0.9       -0.6        0.0
 28NOV2001        -0.6       -0.8       -0.5        0.2
 05DEC2001        -0.6       -0.6       -0.4        0.0
 12DEC2001        -0.7       -0.7       -0.5        0.0
 19DEC2001        -0.6       -0.5       -0.4        0.3
 26DEC2001        -0.1       -0.3       -0.5        0.0
 02JAN2002        -0.2       -0.4       -0.3        0.3
 09JAN2002        -0.7       -0.7       -0.3        0.4
 16JAN2002        -0.7       -0.6       -0.1        1.0
 23JAN2002        -0.7       -0.6       -0.1        0.7
 30JAN2002        -0.6       -0.6        0.2        0.5
 06FEB2002        -0.1       -0.3        0.3        0.8
 13FEB2002         0.3       -0.3        0.3        0.6
 20FEB2002         0.2       -0.4       -0.1        0.4
 27FEB2002         0.2        0.0        0.2        0.4
 06MAR2002         0.3        0.3        0.1        0.1
 13MAR2002         1.2        0.1       -0.2       -0.2
 20MAR2002         1.2        0.0       -0.1        0.2
 27MAR2002         0.9       -0.3       -0.3        0.1
 03APR2002         0.7       -0.1        0.1        0.4
 10APR2002         1.0        0.1        0.2        0.5
 17APR2002         0.4       -0.2        0.0        0.4
 24APR2002         0.1       -0.2        0.1        0.6
 01MAY2002         0.6       -0.1        0.1        0.6
 08MAY2002         0.8       -0.1        0.0        0.5
 15MAY2002         0.7       -0.1        0.0        0.6
 22MAY2002         0.8        0.3        0.3        0.9
 29MAY2002         0.8        0.4        0.3        0.7
 05JUN2002         0.2        0.5        0.8        0.8
 12JUN2002        -0.3        0.6        0.8        0.7
 19JUN2002        -0.3        0.4        0.5        0.4
 26JUN2002         0.1        0.5        0.5        0.4
 03JUL2002        -0.1        0.6        0.5        0.3
 10JUL2002        -0.5        0.4        0.6        0.8
 17JUL2002        -0.1        0.4        0.8        0.7
 24JUL2002         0.2        0.3        0.8        0.6
 31JUL2002         0.4        0.3        0.8        0.7
 07AUG2002         0.2        0.3        0.7        0.7
 14AUG2002        -0.1        0.2        0.7        0.6
 21AUG2002        -0.1        0.5        0.8        0.7
 28AUG2002        -0.2        0.6        0.9        0.8
 04SEP2002         0.0        0.6        0.7        0.7
 11SEP2002         0.6        0.7        0.9        0.7
 18SEP2002         0.5        0.9        1.1        0.9
 25SEP2002         0.5        1.0        1.2        0.6
 02OCT2002         0.2        1.0        1.3        0.3
 09OCT2002         0.7        0.7        1.0        0.5
 16OCT2002         1.1        0.6        0.9        0.6
 23OCT2002         0.8        0.6        1.1        0.9
 30OCT2002         1.1        1.1        1.4        1.0
 06NOV2002         1.0        0.9        1.2        1.0
 13NOV2002         1.0        1.2        1.4        1.2
 20NOV2002         1.6        1.3        1.4        1.0
 27NOV2002         1.5        1.5        1.5        0.8
 04DEC2002         1.1        1.3        1.3        0.8
 11DEC2002         1.6        1.2        1.3        0.8
 18DEC2002         0.9        1.1        1.3        0.8
 25DEC2002         0.2        0.9        1.3        0.8
 01JAN2003         0.8        1.1        1.2        0.7
 08JAN2003         0.3        0.9        1.1        0.6
 15JAN2003        -0.5        0.6        0.9        0.6
 22JAN2003        -0.8        0.4        0.7        0.6
 29JAN2003        -0.6        0.2        0.6        0.6
 05FEB2003         0.1        0.1        0.3        0.4
 12FEB2003        -0.1        0.3        0.6        0.3
 19FEB2003         0.0        0.5        0.8        0.8
 26FEB2003        -0.6        0.3        0.8        0.8
 05MAR2003        -1.0        0.2        0.8        0.9
 12MAR2003        -0.5        0.0        0.6        0.8
 19MAR2003         1.3        0.1        0.5        0.7
 26MAR2003         0.6        0.0        0.2        0.4
 02APR2003        -0.3       -0.5       -0.2        0.2
 09APR2003        -0.8       -0.4       -0.1        0.3
 16APR2003        -1.2       -0.2        0.0        0.2
 23APR2003        -1.3       -0.4       -0.2        0.1
 30APR2003        -1.3       -0.6       -0.3        0.0
 07MAY2003        -1.8       -1.0       -0.6       -0.2
 14MAY2003        -1.9       -1.1       -0.7       -0.3
 21MAY2003        -1.8       -1.1       -0.7        0.0
 28MAY2003        -1.4       -0.8       -0.5        0.3
 04JUN2003        -1.1       -0.9       -0.6        0.0
 11JUN2003        -1.2       -0.7       -0.4        0.1
 18JUN2003        -1.3       -0.4       -0.2        0.0
 25JUN2003        -0.4       -0.3       -0.2        0.2
 02JUL2003        -0.2       -0.4        0.0        0.3
 09JUL2003        -0.5       -0.3        0.0        0.2
 16JUL2003        -0.5       -0.2        0.0        0.1
 23JUL2003        -0.8        0.2        0.0        0.1
 30JUL2003        -0.5        0.4        0.1        0.1
 06AUG2003        -0.3        0.2        0.0        0.1
 13AUG2003         0.0        0.1        0.0        0.2
 20AUG2003         0.6       -0.1       -0.3        0.0
 27AUG2003         0.2       -0.1       -0.1        0.0
 03SEP2003         0.0        0.1        0.2        0.0
 10SEP2003        -0.5       -0.1        0.1        0.1
 17SEP2003        -0.6        0.0       -0.1        0.0
 24SEP2003        -0.3        0.0        0.2        0.2
 01OCT2003        -0.1        0.3        0.3        0.1
 08OCT2003        -0.1        0.5        0.5        0.3
 15OCT2003         0.0        0.1        0.2        0.3
 22OCT2003         0.5        0.3        0.1        0.3
 29OCT2003         0.4        0.2        0.2        0.4
 05NOV2003         0.3        0.2        0.2        0.4
 12NOV2003         0.4        0.1       -0.1        0.6
 19NOV2003         0.7        0.2        0.2        0.5
 26NOV2003         0.6        0.5        0.3        0.2
 03DEC2003         1.1        0.8        0.4        0.3
 10DEC2003         0.8        0.8        0.3        0.3
 17DEC2003         0.6        0.7        0.3        0.3
 24DEC2003         0.2        0.7        0.2        0.2
 31DEC2003         0.1        0.7        0.3        0.4
 07JAN2004         0.4        0.5       -0.1        0.0
 14JAN2004         0.1        0.5        0.2        0.2
 21JAN2004         0.2        0.6        0.2        0.3
 28JAN2004        -0.2        0.2        0.4        0.5
 04FEB2004        -0.2        0.2        0.2        0.4
 11FEB2004        -0.1        0.4        0.3        0.2
 18FEB2004         0.2        0.3        0.0        0.3
 25FEB2004         0.3        0.0       -0.1        0.2
 03MAR2004        -1.0       -0.3       -0.2        0.3
 10MAR2004        -1.1        0.0       -0.3        0.1
 17MAR2004        -1.1        0.2       -0.2        0.0
 24MAR2004        -0.8       -0.2       -0.4        0.2
 31MAR2004         0.0        0.0       -0.2        0.1
 07APR2004        -0.4       -0.1        0.1        0.1
 14APR2004        -0.1        0.1        0.1        0.0
 21APR2004        -0.2       -0.1        0.0        0.2
 28APR2004        -0.3       -0.5        0.0        0.2
 05MAY2004        -0.8       -0.8        0.1        0.3
 12MAY2004        -1.1       -0.7        0.1        0.4
 19MAY2004        -0.8       -0.1        0.5        0.6
 26MAY2004        -0.6        0.0        0.4        0.7
 02JUN2004        -1.0        0.0        0.4        0.3
 09JUN2004        -1.0        0.1        0.5        0.5
 16JUN2004        -0.9        0.0        0.2        0.4
 23JUN2004        -0.5        0.0        0.1        0.1
 30JUN2004        -0.6       -0.2        0.1        0.5
 07JUL2004        -0.7        0.1        0.7        0.8
 14JUL2004        -0.6        0.4        0.7        0.5
 21JUL2004        -0.6        0.3        0.7        0.5
 28JUL2004        -0.7        0.3        0.8        0.6
 04AUG2004        -0.5        0.1        0.7        0.5
 11AUG2004        -0.6        0.1        0.7        0.4
 18AUG2004        -0.7        0.1        0.6        0.4
 25AUG2004        -0.7        0.2        0.7        0.7
 01SEP2004         0.1        0.3        0.8        0.9
 08SEP2004        -0.4        0.3        0.7        0.8
 15SEP2004        -0.7        0.2        0.6        0.7
 22SEP2004        -0.4        0.3        0.7        0.6
 29SEP2004        -0.1        0.3        0.6        0.5
 06OCT2004         0.1        0.3        0.5        0.5
 13OCT2004         0.2        0.3        0.6        0.7
 20OCT2004         0.5        0.6        0.9        1.2
 27OCT2004         0.6        0.8        0.9        0.8
 03NOV2004         1.0        0.7        0.7        0.7
 10NOV2004         1.6        0.7        0.6        0.7
 17NOV2004         0.8        0.5        0.7        0.9
 24NOV2004         0.4        0.4        0.6        0.6
 01DEC2004         0.5        0.4        0.5        0.6
 08DEC2004         0.2        0.7        0.7        0.6
 15DEC2004         0.0        0.6        0.6        0.7
 22DEC2004        -0.5        0.4        0.5        0.9
 29DEC2004         0.2        0.5        0.6        0.9
 05JAN2005        -0.3        0.3        0.5        1.0
 12JAN2005        -0.1        0.3        0.6        0.8
 19JAN2005         0.3        0.1        0.6        1.0
 26JAN2005        -0.5        0.0        0.5        0.9
 02FEB2005        -1.0       -0.3        0.2        0.7
 09FEB2005        -1.2       -0.1        0.3        0.7
 16FEB2005        -0.8       -0.1        0.1        0.6
 23FEB2005        -0.7       -0.8       -0.1        0.4
 02MAR2005        -1.2       -0.7       -0.2        0.4
 09MAR2005        -1.1       -0.5        0.0        0.4
 16MAR2005        -1.3       -0.3        0.2        0.6
 23MAR2005        -2.4       -0.8        0.1        0.4
 30MAR2005        -1.9       -0.5        0.3        0.5
 06APR2005        -1.5       -0.4        0.1        0.4
 13APR2005        -1.1       -0.2        0.0        0.2
 20APR2005        -0.6        0.1        0.1        0.1
 27APR2005         0.0        0.3        0.2        0.2
 04MAY2005         0.4        0.4        0.1        0.0
 11MAY2005         0.1        0.2        0.2        0.2
 18MAY2005        -0.3       -0.1        0.1        0.2
 25MAY2005        -0.5       -0.4        0.0        0.1
 01JUN2005        -0.7       -0.5       -0.1        0.1
 08JUN2005        -0.6        0.1        0.3        0.5
 15JUN2005        -1.1        0.1        0.3        0.3
 22JUN2005        -0.8        0.2        0.1        0.0
 29JUN2005        -0.7        0.3        0.1        0.1
 06JUL2005        -0.8        0.1        0.2        0.4
 13JUL2005        -0.9        0.1        0.0        0.0
 20JUL2005        -0.4        0.1        0.0        0.1
 27JUL2005         0.1       -0.1       -0.1       -0.1
 03AUG2005        -0.5       -0.2       -0.1       -0.1
 10AUG2005        -1.1        0.2        0.0       -0.1
 17AUG2005        -0.7        0.3        0.0        0.0
 24AUG2005        -0.4        0.3        0.0        0.0
 31AUG2005        -0.6        0.0       -0.1        0.1
 07SEP2005        -0.6       -0.2       -0.3       -0.1
 14SEP2005        -0.6       -0.3       -0.2       -0.3
 21SEP2005        -1.0       -0.2        0.0        0.0
 28SEP2005        -0.9       -0.3        0.0        0.1
 05OCT2005        -1.4       -0.5        0.0        0.2
 12OCT2005        -1.2       -0.2        0.0        0.1
 19OCT2005        -1.0       -0.1        0.0        0.0
 26OCT2005        -0.9       -0.4       -0.3        0.0
 02NOV2005        -1.7       -0.8       -0.3       -0.1
 09NOV2005        -1.5       -1.0       -0.5        0.0
 16NOV2005        -0.8       -0.8       -0.4       -0.1
 23NOV2005        -1.2       -1.3       -0.5        0.1
 30NOV2005        -1.1       -1.4       -0.8        0.1
 07DEC2005        -1.1       -1.5       -0.8        0.1
 14DEC2005        -0.8       -1.5       -0.8       -0.1
 21DEC2005         0.1       -1.2       -0.9       -0.3
 28DEC2005        -0.3       -1.1       -1.0       -0.5
 04JAN2006         0.1       -0.8       -0.9       -0.4
 11JAN2006        -0.2       -0.9       -0.8       -0.4
 18JAN2006        -0.1       -0.9       -1.1       -0.5
 25JAN2006         0.1       -0.6       -0.8       -0.6
 01FEB2006         0.1       -0.5       -0.9       -0.9
 08FEB2006         0.1       -0.5       -0.9       -1.1
 15FEB2006         1.4       -0.2       -0.9       -0.9
 22FEB2006         1.2       -0.1       -0.5       -0.7
 01MAR2006         0.7       -0.4       -0.8       -0.7
 08MAR2006         0.1       -0.5       -0.9       -0.7
 15MAR2006        -0.2       -0.6       -0.7       -0.4
 22MAR2006        -0.7       -0.8       -0.7       -0.3
 29MAR2006        -0.6       -0.6       -0.5       -0.3
 05APR2006        -1.2       -0.2       -0.1       -0.3
 12APR2006        -2.1        0.0       -0.1       -0.3
 19APR2006        -1.6       -0.4       -0.4       -0.5
 26APR2006        -1.2       -0.1       -0.1       -0.3
 03MAY2006        -0.4       -0.2       -0.2       -0.5
 10MAY2006        -0.2       -0.2       -0.3       -0.2
 17MAY2006        -1.0        0.0        0.1        0.0
 24MAY2006        -0.5       -0.1        0.0       -0.1
 31MAY2006         0.1       -0.1        0.0        0.2
 07JUN2006        -0.9        0.0        0.2        0.2
 14JUN2006        -0.1        0.1        0.1        0.3
 21JUN2006        -0.3       -0.1        0.0        0.3
 28JUN2006        -0.2       -0.1       -0.2       -0.1
 05JUL2006         0.0        0.1       -0.1        0.0
 12JUL2006        -0.1        0.0        0.0        0.3
 19JUL2006         0.4        0.0        0.1        0.3
 26JUL2006         0.5        0.1        0.2        0.4
 02AUG2006         0.7        0.2        0.2        0.4
 09AUG2006         0.7        0.2        0.2        0.3
 16AUG2006         0.9        0.4        0.3        0.5
 23AUG2006         0.7        0.5        0.4        0.6
 30AUG2006         0.6        0.6        0.4        0.5
 06SEP2006         1.3        0.7        0.4        0.6
 13SEP2006         1.0        0.7        0.4        0.6
 20SEP2006         1.0        0.9        0.6        0.7
 27SEP2006         1.2        0.8        0.4        0.5
 04OCT2006         1.2        0.3        0.3        0.4
 11OCT2006         1.2        0.9        0.7        0.8
 18OCT2006         1.8        1.0        0.6        0.5
 25OCT2006         2.1        1.0        0.8        0.7
 01NOV2006         1.5        0.8        0.7        0.7
 08NOV2006         1.0        0.7        0.7        0.7
 15NOV2006         0.9        0.9        0.9        0.9
 22NOV2006         1.2        0.8        0.8        0.9
 29NOV2006         1.4        0.8        0.8        0.9
 06DEC2006         0.6        0.8        1.0        0.9
 13DEC2006         0.9        1.1        1.0        0.8
 20DEC2006         1.9        1.2        1.0        0.8
 27DEC2006         1.0        1.2        1.0        0.9
 03JAN2007         0.7        1.1        0.9        0.9
 10JAN2007         0.7        1.1        0.9        0.7
 17JAN2007         0.5        0.9        0.7        0.6
 24JAN2007         0.2        0.8        0.5        0.5
 31JAN2007         0.1        0.6        0.4        0.5
 07FEB2007         0.1        0.6        0.2        0.4
 14FEB2007         0.0       -0.3       -0.2        0.5
 21FEB2007         0.2       -0.4       -0.4        0.4
 28FEB2007        -0.3       -0.9       -0.3        0.6
 07MAR2007        -0.3       -0.5       -0.1        0.7
 14MAR2007        -0.2        0.0       -0.1        0.3
 21MAR2007        -0.7       -0.8       -0.1        0.4
 28MAR2007        -0.6       -1.1       -0.2        0.5
 04APR2007        -0.9       -0.7       -0.1        0.5
 11APR2007        -0.7        0.0        0.2        0.3
 18APR2007        -0.8       -0.2        0.0        0.1
 25APR2007        -0.9       -0.4       -0.3       -0.1
 02MAY2007        -0.9       -0.9       -0.6       -0.2
 09MAY2007        -0.9       -1.0       -0.6       -0.2
 16MAY2007        -0.8       -0.9       -0.6       -0.1
 23MAY2007        -1.3       -0.8       -0.3        0.0
 30MAY2007        -1.9       -0.8       -0.2        0.1
 06JUN2007        -2.0       -0.8       -0.3       -0.1
 13JUN2007        -0.7       -0.4       -0.1       -0.2
 20JUN2007        -0.4       -0.4       -0.2       -0.3
 27JUN2007        -0.8       -0.6       -0.3       -0.4
 04JUL2007        -0.4       -0.6       -0.6       -0.7
 11JUL2007        -0.9       -0.7       -0.5       -0.4
 18JUL2007        -0.9       -0.5       -0.2        0.1
 25JUL2007        -0.6       -0.7       -0.3       -0.1
 01AUG2007        -1.1       -1.2       -0.5       -0.2
 08AUG2007        -1.0       -1.1       -0.5       -0.1
 15AUG2007        -0.8       -0.9       -0.5        0.1
 22AUG2007        -0.8       -1.0       -0.6       -0.1
 29AUG2007        -1.1       -1.2       -0.7       -0.2
 05SEP2007        -0.3       -0.9       -0.8       -0.3
 12SEP2007        -1.2       -0.9       -0.8       -0.6
 19SEP2007        -1.3       -1.0       -0.8       -0.6
 26SEP2007        -1.2       -1.4       -1.1       -0.6
 03OCT2007        -1.3       -1.7       -1.3       -0.6
 10OCT2007        -1.6       -1.3       -1.3       -0.6
 17OCT2007        -1.6       -1.1       -1.1       -0.4
 24OCT2007        -1.5       -1.0       -1.0       -0.6
 31OCT2007        -1.6       -1.4       -1.1       -0.6
 07NOV2007        -1.8       -1.7       -1.4       -0.8
 14NOV2007        -1.9       -1.5       -1.3       -1.0
 21NOV2007        -1.5       -1.4       -1.3       -1.0
 28NOV2007        -1.2       -1.2       -1.2       -1.2
 05DEC2007        -1.6       -1.2       -1.1       -0.9
 12DEC2007        -1.9       -1.5       -1.2       -0.7
 19DEC2007        -1.8       -1.3       -1.0       -0.4
 26DEC2007        -1.1       -1.2       -0.9       -0.7
 02JAN2008        -0.6       -1.2       -1.4       -1.4
 09JAN2008        -0.1       -1.4       -1.7       -1.7
 16JAN2008         0.3       -1.2       -1.7       -1.6
 23JAN2008         0.1       -1.2       -1.4       -1.3
 30JAN2008         0.2       -1.0       -1.2       -1.3
 06FEB2008         0.5       -0.9       -1.4       -1.6
 13FEB2008         0.2       -1.4       -1.8       -1.5
 20FEB2008         0.8       -1.2       -1.5       -1.4
 27FEB2008         1.3       -0.7       -1.3       -1.3
 05MAR2008         0.7       -0.2       -0.9       -1.3
 12MAR2008         0.9       -0.2       -0.8       -1.3
 19MAR2008         1.3       -0.4       -1.0       -0.9
 26MAR2008         1.0       -0.5       -1.0       -0.8
 02APR2008         1.2       -0.3       -0.9       -0.9
 09APR2008         0.9        0.0       -0.9       -1.0
 16APR2008         0.2        0.0       -0.8       -0.9
 23APR2008         0.2       -0.1       -0.7       -0.9
 30APR2008        -0.3        0.2       -0.5       -0.8
 07MAY2008        -0.5       -0.4       -0.8       -0.9
 14MAY2008         0.0       -0.2       -0.8       -1.0
 21MAY2008         0.8        0.5       -0.6       -1.0
 28MAY2008         1.2        0.5       -0.6       -1.1
 04JUN2008         1.2        0.2       -0.6       -0.9
 11JUN2008         0.6        0.1       -0.6       -1.0
 18JUN2008         0.4       -0.1       -0.6       -0.8
 25JUN2008         0.5        0.1       -0.4       -0.8
 02JUL2008         0.7        0.4       -0.2       -0.9
 09JUL2008         1.1        0.3       -0.2       -0.7
 16JUL2008         1.2        0.3       -0.2       -0.6
 23JUL2008         1.0        0.4       -0.3       -0.7
 30JUL2008         0.9        0.5       -0.1       -0.6
 06AUG2008         1.1        0.7        0.0       -0.7
 13AUG2008         1.5        0.9        0.0       -0.9
 20AUG2008         1.2        0.5       -0.2       -0.7
 27AUG2008         1.2        0.3       -0.2       -0.7
 03SEP2008         1.5        0.5       -0.2       -0.7
 10SEP2008         0.8        0.5       -0.2       -0.7
 17SEP2008         1.2        0.3       -0.3       -0.7
 24SEP2008         1.2        0.1       -0.6       -0.8
 01OCT2008         0.8        0.0       -0.6       -0.7
 08OCT2008         0.7        0.5       -0.3       -0.7
 15OCT2008         0.2        0.3       -0.3       -0.6
 22OCT2008         0.6        0.0       -0.3       -0.5
 29OCT2008        -0.3        0.0       -0.1       -0.4
 05NOV2008         0.2        0.1       -0.2       -0.5
 12NOV2008         0.0        0.1       -0.3       -0.6
 19NOV2008         0.3        0.1       -0.4       -0.6
 26NOV2008        -0.4       -0.4       -0.6       -0.7
 03DEC2008        -0.5       -0.4       -0.7       -0.9
 10DEC2008        -0.2       -0.7       -0.8       -0.7
 17DEC2008        -0.1       -0.7       -0.9       -1.0
 24DEC2008        -0.3       -0.8       -1.0       -1.0
 31DEC2008        -0.4       -0.7       -1.1       -1.1
 07JAN2009        -0.4       -0.6       -1.1       -1.1
 14JAN2009        -0.3       -0.4       -0.9       -1.0
 21JAN2009         0.3        0.1       -0.6       -0.9
 28JAN2009        -0.2       -0.1       -0.7       -0.9
 04FEB2009        -0.3       -0.6       -0.8       -0.9
 11FEB2009        -0.4       -0.6       -0.7       -0.9
 18FEB2009        -0.2       -0.2       -0.4       -0.8
 25FEB2009         0.0       -0.2       -0.5       -0.5
 04MAR2009        -0.6       -1.0       -0.8       -0.6
 11MAR2009        -1.1       -1.2       -0.8       -0.7
 18MAR2009        -1.0       -0.9       -0.9       -0.8
 25MAR2009         0.1       -0.4       -0.7       -0.5
 01APR2009         0.6        0.0       -0.4       -0.4
 08APR2009         0.0        0.0       -0.1       -0.2
 15APR2009         0.1        0.1        0.0       -0.3
 22APR2009        -0.1       -0.1       -0.1       -0.3
 29APR2009         0.3        0.1       -0.1       -0.1
 06MAY2009         0.7        0.3       -0.2       -0.5
 13MAY2009         0.4        0.3        0.1       -0.2
 20MAY2009         0.5        0.3        0.3        0.3
 27MAY2009         0.0        0.2        0.2        0.2
 03JUN2009        -0.2        0.1       -0.1       -0.4
 10JUN2009         0.7        0.3        0.0       -0.4
 17JUN2009         0.8        0.6        0.4        0.0
 24JUN2009         0.5        0.7        0.4       -0.1
 01JUL2009         0.4        0.5        0.3       -0.1
 08JUL2009         0.8        0.6        0.4        0.0
 15JUL2009         1.0        0.6        0.2        0.0
 22JUL2009         0.6        0.6        0.3        0.0
 29JUL2009         0.7        0.5        0.3        0.0
 05AUG2009         0.5        0.5        0.4        0.1
 12AUG2009         0.5        0.6        0.4        0.2
 19AUG2009         0.8        0.6        0.4        0.3
 26AUG2009         0.3        0.5        0.4        0.3
 02SEP2009         0.8        0.6        0.4        0.2
 09SEP2009         0.7        0.8        0.6        0.1
 16SEP2009         0.4        0.7        0.6        0.2
 23SEP2009         0.2        0.6        0.6        0.1
 30SEP2009         0.0        0.5        0.4        0.2
 07OCT2009        -0.3        0.5        0.5        0.5
 14OCT2009        -0.1        0.5        0.5        0.6
 21OCT2009         0.0        0.6        0.8        0.8
 28OCT2009         0.4        0.8        1.2        1.1
 04NOV2009         0.0        1.0        1.4        1.1
 11NOV2009         0.1        0.7        1.2        1.0
 18NOV2009        -0.1        0.8        1.4        1.2
 25NOV2009        -0.3        1.0        1.4        1.2
 02DEC2009         0.3        1.1        1.4        1.0
 09DEC2009         0.4        1.1        1.4        0.9
 16DEC2009         0.2        1.0        1.3        0.9
 23DEC2009         0.3        1.4        1.7        1.1
 30DEC2009         0.1        1.3        1.7        1.1
 06JAN2010        -0.3        1.1        1.7        1.2
 13JAN2010        -0.3        1.1        1.6        1.2
 20JAN2010        -0.5        0.8        1.4        1.0
 27JAN2010        -0.6        0.6        1.1        0.9
 03FEB2010        -1.1        0.3        1.0        0.8
 10FEB2010        -1.0        0.5        1.1        0.8
 17FEB2010        -0.3        0.5        1.0        0.7
 24FEB2010        -0.1        0.6        1.0        0.7
 03MAR2010        -0.4        0.6        1.0        0.8
 10MAR2010        -0.9        0.4        1.2        0.7
 17MAR2010        -0.5        0.5        1.0        0.7
 24MAR2010         0.1        0.3        0.7        0.5
 31MAR2010         0.0        0.5        0.6        0.4
 07APR2010         0.1        0.3        0.5        0.5
 14APR2010         0.3        0.4        0.4        0.3
 21APR2010         0.2        0.1        0.2        0.3
 28APR2010        -0.1        0.0        0.1        0.3
 05MAY2010         0.3       -0.1       -0.4        0.0
 12MAY2010         0.1       -0.6       -0.7       -0.2
 19MAY2010        -0.2       -0.7       -0.7        0.0
 26MAY2010        -0.5       -0.8       -0.6       -0.2
 02JUN2010         0.1       -0.8       -0.7       -0.5
 09JUN2010        -0.1       -0.8       -0.9       -0.6
 16JUN2010         0.3       -0.9       -1.0       -0.7
 23JUN2010        -0.2       -1.0       -0.9       -0.6
 30JUN2010        -1.1       -0.9       -0.9       -0.7
 07JUL2010        -1.2       -1.0       -1.0       -0.9
 14JUL2010        -1.6       -0.9       -0.9       -0.6
 21JUL2010        -1.2       -1.1       -1.2       -1.0
 28JUL2010        -1.1       -1.5       -1.5       -1.1
 04AUG2010        -0.6       -1.4       -1.3       -0.9
 11AUG2010        -0.8       -1.0       -1.2       -0.9
 18AUG2010        -0.9       -1.0       -1.2       -1.3
 25AUG2010        -1.0       -0.9       -1.3       -1.6
 01SEP2010        -1.6       -1.2       -1.2       -1.5
 08SEP2010        -1.3       -1.1       -1.3       -1.5
 15SEP2010        -1.1       -1.0       -1.2       -1.6
 22SEP2010        -1.3       -0.5       -1.2       -1.6
 29SEP2010        -1.3       -1.1       -1.6       -1.4
 06OCT2010        -1.5       -1.6       -1.8       -1.5
 13OCT2010        -1.6       -1.8       -1.6       -1.4
 20OCT2010        -1.5       -1.4       -1.3       -1.5
 27OCT2010        -1.1       -0.9       -1.3       -1.6
 03NOV2010        -1.3       -1.3       -1.4       -1.8
 10NOV2010        -1.4       -1.2       -1.2       -1.4
 17NOV2010        -1.1       -1.0       -1.5       -1.5
 24NOV2010        -0.8       -1.4       -1.6       -1.5
 01DEC2010        -1.2       -1.4       -1.2       -1.2
 08DEC2010        -1.3       -1.1       -1.1       -1.1
 15DEC2010        -1.8       -1.3       -1.2       -1.2
 22DEC2010        -0.9       -1.5       -1.3       -1.3
 29DEC2010        -0.1       -1.2       -1.3       -1.3
 05JAN2011        -0.4       -0.9       -1.2       -1.3
 12JAN2011        -0.6       -1.3       -1.6       -1.3
 19JAN2011        -0.4       -1.3       -1.5       -1.0
 26JAN2011        -0.4       -1.2       -1.4       -0.9
 02FEB2011        -0.4       -0.9       -1.1       -1.4
 09FEB2011         0.3       -0.6       -0.9       -1.3
 16FEB2011         1.0       -0.7       -1.3       -0.8
 23FEB2011         0.3       -0.8       -1.5       -1.0
 02MAR2011        -0.7       -1.0       -1.4       -1.0
 09MAR2011        -0.3       -1.0       -0.8       -0.4
 16MAR2011         0.2       -0.8       -0.6       -0.3
 23MAR2011        -0.3       -0.8       -0.9       -0.3
 30MAR2011        -0.7       -0.5       -0.7       -0.3
 06APR2011        -0.5       -0.1       -0.4       -0.4
 13APR2011        -0.2       -0.2       -0.6       -0.8
 20APR2011         0.1       -0.1       -0.7       -1.0
 27APR2011         0.5       -0.2       -0.8       -0.8
 04MAY2011         0.4       -0.4       -0.8       -0.4
 11MAY2011         0.5       -0.2       -0.3       -0.2
 18MAY2011         0.4        0.0        0.0       -0.1
 25MAY2011         0.2       -0.1       -0.3       -0.5
 01JUN2011         0.3        0.0       -0.3       -0.4
 08JUN2011         0.5        0.1       -0.3       -0.5
 15JUN2011         0.5        0.0       -0.4       -0.7
 22JUN2011         0.8        0.3       -0.1       -0.5
 29JUN2011         0.3        0.2        0.2        0.0
 06JUL2011         0.0        0.2        0.0       -0.2
 13JUL2011         0.3        0.3        0.0       -0.3
 20JUL2011         0.9        0.1       -0.2       -0.4
 27JUL2011         0.5        0.0       -0.1       -0.3
 03AUG2011         0.5       -0.2       -0.2       -0.2
 10AUG2011         0.3       -0.4       -0.3       -0.1
 17AUG2011        -0.1       -0.2       -0.4       -0.2
 24AUG2011        -0.3       -0.3       -0.4        0.0
 31AUG2011         0.2       -0.2       -0.4       -0.1
 07SEP2011        -0.3       -0.3       -0.5       -0.3
 14SEP2011        -0.6       -0.4       -0.6       -0.4
 21SEP2011        -0.5       -0.4       -0.4       -0.5
 28SEP2011        -0.7       -0.5       -0.4       -0.5
 05OCT2011        -0.5       -0.6       -0.7       -0.8
 12OCT2011        -1.1       -0.6       -0.5       -0.7
 19OCT2011        -1.3       -0.6       -0.3       -0.3
 26OCT2011        -0.1       -0.7       -0.9       -0.7
 02NOV2011        -0.7       -0.8       -0.9       -0.7
 09NOV2011        -0.8       -1.0       -0.9       -0.7
 16NOV2011        -0.7       -1.1       -0.8       -0.7
 23NOV2011        -0.1       -1.0       -1.1       -0.8
 30NOV2011        -0.5       -0.9       -0.9       -0.9
 07DEC2011        -0.5       -0.9       -0.9       -1.0
 14DEC2011        -0.7       -0.9       -0.9       -1.0
 21DEC2011        -0.2       -0.7       -0.9       -1.2
 28DEC2011        -0.3       -0.8       -0.9       -1.0
 04JAN2012        -0.5       -0.6       -0.6       -0.9
 11JAN2012        -0.7        0.0       -0.3       -1.0
 18JAN2012        -0.8       -0.2       -0.5       -0.9
 25JAN2012        -0.4       -0.4       -0.7       -1.0
 01FEB2012        -0.9       -0.8       -0.8       -0.9
 08FEB2012        -0.3       -0.6       -0.8       -0.6
 15FEB2012         0.2       -0.1       -0.4       -0.6
 22FEB2012         0.5        0.2       -0.4       -0.7
 29FEB2012         0.3        0.4       -0.2       -0.6
 07MAR2012         0.1        0.0       -0.4       -0.7
 14MAR2012        -0.3       -0.4       -0.4       -0.6
 21MAR2012         0.4        0.0       -0.4       -0.5
 28MAR2012         0.5        0.4       -0.3       -0.7
 04APR2012         0.4        0.3       -0.4       -0.7
 11APR2012         1.0        0.2       -0.6       -0.6
 18APR2012         1.3       -0.1       -0.6       -0.6
 25APR2012         1.1       -0.2       -0.4       -0.5
 02MAY2012         0.9       -0.1       -0.3       -0.6
 09MAY2012         1.1        0.0       -0.3       -0.7
 16MAY2012         0.8       -0.2       -0.5       -0.7
 23MAY2012         1.0        0.1       -0.2       -0.4
 30MAY2012         1.1        0.2       -0.1       -0.2
 06JUN2012         1.5        0.4       -0.1       -0.5
 13JUN2012         1.8        0.8        0.4       -0.6
 20JUN2012         1.4        0.9        0.6       -0.3
 27JUN2012         0.9        0.8        0.5       -0.3
 04JUL2012         0.2        0.6        0.4        0.0
 11JUL2012         0.3        0.5        0.0       -0.2
 18JUL2012         0.6        0.7        0.2       -0.3
 25JUL2012         0.1        0.9        0.5       -0.4
 01AUG2012        -0.5        0.8        0.6       -0.2
 08AUG2012        -0.6        0.6        0.7        0.2
 15AUG2012         0.2        0.9        0.5        0.2
 22AUG2012         0.6        0.7        0.5        0.1
 29AUG2012         0.4        0.9        1.3        0.2
 05SEP2012         0.7        0.7        1.1        0.2
 12SEP2012         0.6        0.3        0.2       -0.1
 19SEP2012         0.5        0.3        0.0       -0.1
 26SEP2012         0.2        0.2        0.2        0.3
 03OCT2012        -0.4        0.1        0.3        0.2
 10OCT2012        -1.0       -0.1        0.3        0.1
 17OCT2012        -0.8        0.0        0.4        0.4
 24OCT2012        -0.2       -0.1        0.4        0.6
 31OCT2012        -0.2        0.1        0.4        0.4
 07NOV2012         0.2        0.2        0.7        0.4
 14NOV2012         0.1        0.3        1.0        0.7
 21NOV2012        -0.7        0.2        0.4        0.2
 28NOV2012        -1.1       -0.4       -0.4       -0.2
 05DEC2012        -0.8       -0.7       -0.8       -0.4
 12DEC2012        -0.8       -0.9       -0.6        0.1
 19DEC2012        -0.3       -0.9       -0.8       -0.2
 26DEC2012        -0.7       -1.3       -0.6       -0.1
 02JAN2013        -0.6       -1.1       -0.6       -0.2
 09JAN2013        -0.4       -1.0       -0.9       -0.4
 16JAN2013        -0.3       -0.6       -0.5       -0.3
 23JAN2013        -0.1       -0.7       -0.5        0.0
 30JAN2013        -0.4       -1.0       -0.6        0.2
 06FEB2013        -0.2       -0.9       -0.7        0.0
 13FEB2013         0.3       -0.8       -0.7        0.0
 20FEB2013        -0.4       -0.9       -0.9        0.0
 27FEB2013        -0.6       -0.6       -0.6       -0.2
 06MAR2013        -0.2       -0.1       -0.2       -0.2
 13MAR2013         0.0       -0.1       -0.7       -0.8
 20MAR2013        -0.7        0.1       -0.5       -1.0
 27MAR2013        -1.3        0.2       -0.1       -0.9
 03APR2013        -1.7        0.2        0.6        0.1
 10APR2013        -1.5        0.2        0.5        0.0
 17APR2013        -1.3        0.0       -0.1       -0.5
 24APR2013        -1.2       -0.2       -0.3       -0.7
 01MAY2013        -1.3       -0.4       -0.2       -0.4
 08MAY2013        -1.3       -0.6       -0.2       -0.1
 15MAY2013        -1.4       -0.9       -0.6       -0.4
 22MAY2013        -1.7       -1.2       -0.7       -0.5
 29MAY2013        -1.7       -1.1       -0.4       -0.2
 05JUN2013        -1.6       -1.0       -0.4        0.0
 12JUN2013        -1.6       -0.7       -0.3       -0.2
 19JUN2013        -2.1       -0.7       -0.3       -0.6
 26JUN2013        -2.6       -0.6        0.0       -0.2
 03JUL2013        -2.1       -0.7       -0.2       -0.1
 10JUL2013        -1.7       -0.6       -0.3       -0.1
 17JUL2013        -2.2       -0.5       -0.2       -0.1
 24JUL2013        -1.7       -0.4       -0.1       -0.1
 31JUL2013        -1.4       -0.6       -0.3       -0.2
 07AUG2013        -1.2       -0.7       -0.4       -0.2
 14AUG2013        -1.1       -0.8       -0.6       -0.3
 21AUG2013        -0.8       -1.0       -0.8       -0.2
 28AUG2013        -1.0       -0.8       -0.3       -0.1
 04SEP2013        -0.8       -0.4        0.0        0.0
 11SEP2013        -0.7        0.0        0.1       -0.1
 18SEP2013        -1.0        0.1        0.1        0.0
 25SEP2013        -0.7       -0.2       -0.1        0.1
 02OCT2013        -0.7       -0.1       -0.1        0.0
 09OCT2013        -0.6        0.0       -0.1        0.1
 16OCT2013        -0.6        0.0       -0.2        0.2
 23OCT2013        -0.6       -0.2       -0.4        0.0
 30OCT2013        -1.2       -0.1       -0.2        0.2
 06NOV2013        -0.7       -0.1       -0.1        0.2
 13NOV2013        -0.8       -0.5       -0.1        0.2
 20NOV2013        -0.7       -0.5       -0.1        0.0
 27NOV2013        -0.4       -0.5       -0.4       -0.1
 04DEC2013         0.2       -0.3       -0.2       -0.3
 11DEC2013         0.1        0.0       -0.2       -0.4
 18DEC2013        -0.3        0.1       -0.1       -0.5
 25DEC2013         0.3        0.2       -0.4       -0.6
 01JAN2014         0.1       -0.2       -0.6       -0.5
 08JAN2014         0.1       -0.4       -0.9       -0.5
 15JAN2014         0.3       -0.4       -0.8       -0.5
 22JAN2014         0.3        0.1       -0.2       -0.3
 29JAN2014         0.2       -0.2       -0.4       -0.2
 05FEB2014        -0.2       -1.0       -1.4       -0.3
 12FEB2014        -0.9       -1.3       -1.2        0.1
 19FEB2014        -1.6       -0.8       -0.5        0.2
 26FEB2014        -1.1       -0.5       -1.0       -0.7
 05MAR2014        -0.5       -0.6       -1.3       -0.5
 12MAR2014        -1.0       -0.2       -0.7        0.0
 19MAR2014        -1.2       -0.1       -0.2        0.3
 26MAR2014        -0.8        0.4        0.2        0.3
 02APR2014        -0.7        0.3        0.3        0.5
 09APR2014        -1.0        0.1        0.3        0.3
 16APR2014        -1.0        0.1        0.2        0.2
 23APR2014        -0.5        0.1        0.0        0.1
 30APR2014         0.0        0.1        0.0        0.2
 07MAY2014         0.2        0.4        0.3        0.5
 14MAY2014         0.8        0.3        0.1        0.4
 21MAY2014         0.7        0.4        0.4        0.5
 28MAY2014         0.8        0.5        0.3        0.3
 04JUN2014         0.8        0.5        0.2        0.3
 11JUN2014         0.9        0.7        0.3        0.2
 18JUN2014         1.5        0.9        0.3       -0.3
 25JUN2014         1.2        0.9        0.1       -0.4
 02JUL2014         1.1        0.6       -0.2       -0.4
 09JUL2014         1.1        0.5        0.0       -0.1
 16JUL2014         1.4        0.3       -0.2        0.0
 23JUL2014         1.5        0.3       -0.4       -0.2
 30JUL2014         0.9        0.1       -0.2        0.1
 06AUG2014         1.0        0.2       -0.3        0.2
 13AUG2014         0.8        0.0       -0.4        0.1
 20AUG2014         1.0        0.1       -0.2        0.0
 27AUG2014         0.6        0.2        0.0        0.1
 03SEP2014         0.6        0.1        0.0        0.2
 10SEP2014         0.4        0.1        0.2        0.6
 17SEP2014         0.6        0.2        0.3        0.6
 24SEP2014         0.9        0.2        0.1        0.4
 01OCT2014         0.7        0.4        0.1        0.1
 08OCT2014         0.3        0.4        0.2        0.2
 15OCT2014         0.1        0.4        0.3        0.4
 22OCT2014         0.0        0.5        0.1        0.2
 29OCT2014        -0.3        0.5        0.3        0.4
 05NOV2014         0.4        0.7        0.6        0.7
 12NOV2014         0.9        0.8        0.6        0.7
 19NOV2014         0.7        0.8        0.6        0.6
 26NOV2014         0.3        0.6        0.5        0.5
 03DEC2014        -0.3        0.5        0.4        0.5
 10DEC2014        -0.4        0.7        0.5        0.6
 17DEC2014        -0.3        0.7        0.6        0.7
 24DEC2014        -0.4        0.6        0.4        0.7
 31DEC2014         0.0        0.5        0.1        0.5
 07JAN2015         0.0        0.3        0.1        0.4
 14JAN2015        -0.2        0.4        0.3        0.6
 21JAN2015        -0.2        0.7        0.6        0.8
 28JAN2015        -0.4        0.3        0.6        0.9
 04FEB2015        -1.0        0.1        0.7        0.8
 11FEB2015        -0.9        0.2        0.5        0.7
 18FEB2015        -0.8        0.0        0.4        0.9
 25FEB2015        -0.9        0.2        0.7        1.3
 04MAR2015        -1.0       -0.2        0.4        1.2
 11MAR2015        -0.6       -0.5        0.1        1.0
 18MAR2015         0.2        0.0        0.3        1.0
 25MAR2015         0.9        0.1        0.3        0.8
 01APR2015         0.8        0.3        0.5        0.8
 08APR2015         0.2        0.3        0.6        0.9
 15APR2015         0.6        1.0        1.0        1.1
 22APR2015         0.8        0.9        0.9        1.2
 29APR2015         0.9        0.6        0.8        1.1
 06MAY2015         1.3        0.6        0.6        0.8
 13MAY2015         1.3        0.7        0.6        0.7
 20MAY2015         1.3        0.5        0.5        0.8
 27MAY2015         1.2        0.6        0.8        0.9
 03JUN2015         1.4        0.6        0.7        1.0
 10JUN2015         1.8        0.8        0.6        0.7
 17JUN2015         1.7        1.2        0.9        0.7
 24JUN2015         1.8        1.4        1.0        0.7
 01JUL2015         2.1        1.4        1.0        0.6
 08JUL2015         2.1        1.6        1.0        0.7
 15JUL2015         2.3        1.6        1.1        0.7
 22JUL2015         2.1        1.4        0.8        0.6
 29JUL2015         1.8        1.3        0.9        0.4
 05AUG2015         1.8        1.4        1.1        0.3
 12AUG2015         1.1        1.5        1.3        0.3
 19AUG2015         1.3        1.6        1.4        0.5
 26AUG2015         1.3        1.5        1.4        0.3
 02SEP2015         1.8        1.5        1.2        0.1
 09SEP2015         1.4        1.4        1.1        0.2
 16SEP2015         1.6        1.8        1.5        0.3
 23SEP2015         1.9        2.0        1.5        0.3
 30SEP2015         1.9        1.8        1.5        0.4
 07OCT2015         2.0        1.9        1.6        0.3
 14OCT2015         1.6        2.0        1.8        0.2
 21OCT2015         1.5        2.1        2.0        0.6
 28OCT2015         1.4        2.3        2.1        0.5
 04NOV2015         1.7        2.3        2.2        0.9
 11NOV2015         1.5        2.3        2.4        1.1
 18NOV2015         1.5        2.5        2.7        1.3
 25NOV2015         1.6        2.5        2.5        1.2
 02DEC2015         1.8        2.3        2.1        0.9
 09DEC2015         1.9        2.2        1.9        0.9
 16DEC2015         1.7        2.2        2.0        0.9
 23DEC2015         1.7        2.2        2.0        0.9
 30DEC2015         1.5        2.2        1.9        0.8
 06JAN2016         0.9        2.1        1.8        0.6
 13JAN2016         0.5        2.3        2.1        0.5
 20JAN2016         0.1        2.0        2.1        0.5
 27JAN2016         0.3        1.9        2.2        0.8
 03FEB2016         0.5        1.9        2.2        1.0
 10FEB2016         0.3        1.6        2.1        1.0
 17FEB2016         0.3        1.4        1.8        0.9
 24FEB2016         0.5        1.4        1.6        0.8
 02MAR2016         0.2        1.3        1.6        0.7
 09MAR2016         0.3        1.2        1.3        0.8
 16MAR2016         0.6        1.1        1.1        0.6
 23MAR2016         0.6        0.9        0.9        0.6
 30MAR2016         0.8        0.9        0.8        0.4
 06APR2016         0.4        0.8        0.7        0.2
 13APR2016        -0.7        0.5        0.8        0.1
 20APR2016        -0.8       -0.1        0.7        0.4
 27APR2016        -0.7       -0.3        0.3        0.4
 04MAY2016         0.0       -0.4        0.1        0.3
 11MAY2016         0.2       -0.4       -0.1        0.2
 18MAY2016         0.0       -0.9       -0.5        0.1
 25MAY2016        -0.2       -0.8       -0.6        0.0
 01JUN2016        -0.1       -0.7       -0.7       -0.1
 08JUN2016         0.0       -0.5       -0.4        0.1
 15JUN2016         0.1       -0.2       -0.1        0.1
 22JUN2016        -0.2       -0.7       -0.7       -0.2
 29JUN2016        -0.6       -0.6       -0.7       -0.4
 06JUL2016        -0.4       -1.0       -0.8       -0.2
 13JUL2016        -0.2       -1.1       -1.0       -0.3
 20JUL2016         0.3       -0.9       -1.0       -0.3
 27JUL2016         0.1       -1.1       -1.0       -0.4
 03AUG2016         0.1       -0.9       -0.9       -0.4
 10AUG2016        -0.2       -1.1       -1.0       -0.5
 17AUG2016         0.1       -0.9       -0.9       -0.3
 24AUG2016         0.0       -1.0       -1.0       -0.5
 31AUG2016         0.1       -0.5       -0.9       -0.5
 07SEP2016         0.3       -0.5       -0.8       -0.4
 14SEP2016         0.3       -0.6       -0.9       -0.5
 21SEP2016         0.5       -0.4       -0.7       -0.5
 28SEP2016         0.3       -0.4       -0.9       -0.8
 05OCT2016         0.0       -0.9       -1.2       -1.0
 12OCT2016         0.7       -0.6       -1.0       -0.8
 19OCT2016        -0.1       -1.0       -1.2       -0.8
 26OCT2016         0.2       -0.9       -1.1       -0.8
 02NOV2016         0.2       -1.1       -1.2       -0.9
 09NOV2016         0.3       -1.0       -1.1       -0.7
 16NOV2016        -0.2       -0.8       -1.0       -0.8
 23NOV2016         0.0       -0.8       -1.0       -0.7
 30NOV2016        -0.2       -0.8       -0.9       -0.6
 07DEC2016         0.0       -0.9       -0.8       -0.4
 14DEC2016         0.3       -0.8       -0.9       -0.6
 21DEC2016         0.3       -0.6       -0.8       -0.6
 28DEC2016         0.2       -0.5       -0.5       -0.3
 04JAN2017         0.2       -0.7       -0.7       -0.3
 11JAN2017         0.5       -0.4       -0.6       -0.5
 18JAN2017         0.8       -0.2       -0.5       -0.5
 25JAN2017         1.4       -0.3       -0.8       -0.5
 01FEB2017         1.3        0.0       -0.8       -0.7
 08FEB2017         0.7        0.2       -0.5       -0.7
 15FEB2017         0.7        0.4        0.1       -0.3
 22FEB2017         1.1        0.4       -0.1       -0.4
 01MAR2017         2.0        0.2       -0.2       -0.4
 08MAR2017         1.6        0.0       -0.3       -0.4
 15MAR2017         2.1        0.3       -0.2       -0.6
 22MAR2017         1.6        0.2       -0.1       -0.4
 29MAR2017         1.4        0.4       -0.1       -0.5
 05APR2017         0.7        0.5        0.0       -0.4
 12APR2017         0.1        0.4        0.1       -0.3
 19APR2017         0.3        0.4        0.3       -0.2
 26APR2017         0.2        0.1        0.1       -0.3
 03MAY2017         0.2       -0.1       -0.1       -0.3
 10MAY2017         0.3        0.0        0.1       -0.2
 17MAY2017         0.3        0.0        0.0       -0.2
 24MAY2017        -0.4        0.0        0.2       -0.1
 31MAY2017        -0.4       -0.2        0.1       -0.1
 07JUN2017        -0.4       -0.3        0.0        0.1
 14JUN2017        -0.5       -0.3        0.2        0.3
 21JUN2017        -0.1       -0.2        0.2        0.2
 28JUN2017        -0.3       -0.2        0.2        0.3
 05JUL2017        -0.7       -0.3        0.2        0.1
 12JUL2017        -0.5       -0.2        0.0        0.0
 19JUL2017        -0.8       -0.2       -0.1       -0.1
 26JUL2017        -0.8       -0.2       -0.3       -0.3
 02AUG2017        -0.2       -0.1       -0.3       -0.4
 09AUG2017        -0.5       -0.2       -0.5       -0.3
 16AUG2017        -0.9       -0.5       -0.5       -0.3
 23AUG2017        -0.8       -0.6       -0.5       -0.2
 30AUG2017        -0.6       -0.6       -0.6       -0.3
 06SEP2017        -0.5       -0.9       -0.8       -0.3
 13SEP2017        -0.9       -0.8       -0.6       -0.4
 20SEP2017        -1.3       -1.1       -0.6       -0.3
 27SEP2017        -1.4       -0.6       -0.4       -0.4
 04OCT2017        -1.1       -0.2       -0.2       -0.2
 11OCT2017        -1.4       -0.7       -0.7       -0.4
 18OCT2017        -1.4       -1.0       -0.9       -0.6
 25OCT2017        -1.4       -0.8       -0.8       -0.5
 01NOV2017        -1.5       -0.9       -0.9       -0.3
 08NOV2017        -1.7       -1.4       -1.3       -0.7
 15NOV2017        -1.3       -1.2       -1.2       -0.8
 22NOV2017        -0.9       -1.5       -1.3       -0.6
 29NOV2017        -1.0       -1.5       -1.5       -0.8
 06DEC2017        -1.1       -1.3       -1.3       -0.7
 13DEC2017        -1.4       -1.4       -1.2       -0.6
 20DEC2017        -1.5       -1.6       -1.1       -0.5
 27DEC2017        -1.4       -1.3       -0.9       -0.4
 03JAN2018        -1.0       -1.6       -1.2       -0.2
 10JAN2018        -1.1       -1.5       -1.0       -0.2
 17JAN2018        -0.7       -1.2       -0.7       -0.3
 24JAN2018        -0.9       -1.2       -0.6       -0.4
 31JAN2018        -1.1       -1.1       -0.7       -0.4
 07FEB2018        -0.9       -1.1       -0.7       -0.3
 14FEB2018        -0.6       -1.1       -0.9       -0.3
 21FEB2018        -0.2       -0.9       -0.9       -0.3
 28FEB2018         0.1       -0.9       -1.0       -0.4
 07MAR2018        -0.5       -1.0       -1.0       -0.3
 14MAR2018        -1.0       -1.1       -0.9       -0.2
 21MAR2018        -1.1       -1.0       -1.1       -0.2
 28MAR2018        -1.2       -0.8       -0.8       -0.2
 04APR2018        -1.2       -0.7       -0.8       -0.1
 11APR2018        -1.4       -0.6       -0.6       -0.1
 18APR2018        -1.3       -0.7       -0.7        0.0
 25APR2018        -1.0       -0.6       -0.6        0.0
 02MAY2018        -0.7       -0.6       -0.5        0.1
 09MAY2018        -0.7       -0.5       -0.5        0.1
 16MAY2018        -0.8       -0.4       -0.2        0.1
 23MAY2018        -0.7       -0.2       -0.2        0.1
 30MAY2018        -0.6        0.0       -0.1        0.0
 06JUN2018        -0.8        0.0       -0.1        0.1
 13JUN2018        -0.8        0.1        0.1        0.3
 20JUN2018        -0.9        0.2        0.3        0.3
 27JUN2018        -0.8        0.4        0.3        0.3
 04JUL2018        -0.4        0.3        0.2        0.3
 11JUL2018        -0.6        0.2        0.2        0.2
 18JUL2018        -0.3        0.2        0.2        0.2
 25JUL2018        -0.4        0.2        0.2        0.1
 01AUG2018        -0.1        0.0        0.1        0.3
 08AUG2018        -0.3       -0.1        0.1        0.4
 15AUG2018        -0.1        0.1        0.2        0.5
 22AUG2018        -0.2        0.0        0.2        0.4
 29AUG2018        -0.4        0.0        0.1        0.2
 05SEP2018        -0.3        0.0        0.2        0.3
 12SEP2018         0.0        0.0        0.1        0.3
 19SEP2018        -0.2        0.0        0.1        0.2
 26SEP2018         0.1        0.3        0.3        0.3
 03OCT2018         0.2        0.5        0.6        0.6
 10OCT2018         0.1        0.7        0.7        0.7
 17OCT2018         0.0        0.4        0.5        0.6
 24OCT2018        -0.2        0.5        0.7        0.7
 31OCT2018         0.1        0.6        0.8        0.7
 07NOV2018         0.3        0.8        0.7        0.6
 14NOV2018         0.6        0.7        0.6        0.6
 21NOV2018         0.6        0.6        0.6        0.6
 28NOV2018         0.8        0.7        0.6        0.6
 05DEC2018         0.6        0.7        0.7        0.8
 12DEC2018         0.9        0.6        0.5        0.7
 19DEC2018         0.7        0.8        0.7        0.8
 26DEC2018         0.6        0.8        0.7        0.8
 02JAN2019         0.4        0.7        0.6        0.8
 09JAN2019         0.8        0.8        0.6        0.7
 16JAN2019         0.7        0.5        0.4        0.6
 23JAN2019         0.5        0.4        0.3        0.7
 30JAN2019         0.7        0.3        0.4        0.8
 06FEB2019         0.4        0.4        0.3        0.7
 13FEB2019         0.2        0.4        0.4        0.7
 20FEB2019         0.5        0.5        0.5        0.7
 27FEB2019         0.5        0.8        0.8        0.7
 06MAR2019         0.2        0.7        0.8        0.7
 13MAR2019         0.0        0.4        0.8        0.7
 20MAR2019         0.1        0.6        0.8        0.7
 27MAR2019        -0.3        0.4        0.6        0.5
 03APR2019        -0.2        0.3        0.6        0.4
 10APR2019         0.2        0.3        0.4        0.3
 17APR2019         0.0        0.5        0.5        0.3
 24APR2019        -0.1        0.5        0.6        0.3
 01MAY2019         0.0        0.5        0.6        0.4
 08MAY2019         0.0        0.4        0.6        0.5
 15MAY2019         0.0        0.1        0.3        0.4
 22MAY2019        -0.1        0.2        0.3        0.3
 29MAY2019        -0.6        0.4        0.5        0.4
 05JUN2019        -0.4        0.2        0.4        0.6
 12JUN2019        -0.2        0.1        0.4        0.5
 19JUN2019        -0.5        0.0        0.3        0.3
 26JUN2019        -0.5       -0.1        0.1        0.3
 03JUL2019        -0.7       -0.2        0.2        0.5
 10JUL2019        -0.7       -0.2        0.1        0.4
 17JUL2019        -0.9       -0.3        0.1        0.5
 24JUL2019        -1.2       -0.3        0.1        0.6
 31JUL2019        -1.3       -0.5        0.1        0.6
 07AUG2019        -1.1       -0.6       -0.1        0.5
 14AUG2019        -1.0       -0.5       -0.1        0.4
 21AUG2019        -0.5       -0.3       -0.2        0.3
 28AUG2019        -0.5       -0.4       -0.3        0.2
 04SEP2019        -0.7       -0.3       -0.4        0.2
 11SEP2019        -1.1       -0.6       -0.6        0.1
 18SEP2019        -1.5       -0.6       -0.1        0.6
 25SEP2019        -1.0       -0.5        0.1        0.7
 02OCT2019        -1.2       -0.2        0.2        0.6
 09OCT2019        -1.8       -0.4        0.1        0.6
 16OCT2019        -1.0       -0.2        0.2        0.6
 23OCT2019        -1.4       -0.2        0.3        0.6
 30OCT2019        -1.2        0.0        0.2        0.5
 06NOV2019        -0.7       -0.1        0.0        0.3
 13NOV2019        -0.7        0.0        0.2        0.5
 20NOV2019        -0.3        0.0        0.1        0.6
 27NOV2019        -0.2       -0.1        0.0        0.4
 04DEC2019        -0.2       -0.2        0.0        0.4
 11DEC2019         0.0       -0.2       -0.1        0.4
 18DEC2019         0.1       -0.2       -0.1        0.5
 25DEC2019        -0.1       -0.2       -0.1        0.5
 01JAN2020        -0.7       -0.1        0.2        0.7
 08JAN2020        -0.4        0.0        0.1        0.6
 15JAN2020        -0.9       -0.4        0.0        0.5
 22JAN2020        -0.7       -0.5        0.0        0.5
 29JAN2020        -0.5       -0.6       -0.1        0.7
 05FEB2020        -0.3       -0.6       -0.2        0.7
 12FEB2020        -0.2       -0.4       -0.2        0.5
 19FEB2020        -0.3       -0.4        0.0        0.6
 26FEB2020        -0.2       -0.5       -0.2        0.5
 04MAR2020        -0.3       -0.8       -0.2        0.4
 11MAR2020        -0.5       -0.4       -0.1        0.3
 18MAR2020         0.1       -0.3        0.1        0.4
 25MAR2020         0.5       -0.4       -0.1        0.1
 01APR2020         0.0       -0.3       -0.1        0.1
 08APR2020        -0.2       -0.2       -0.1        0.2
 15APR2020        -0.7        0.1        0.1        0.1
 22APR2020        -0.5        0.0        0.0        0.0
 29APR2020        -0.2       -0.2       -0.3       -0.4
 06MAY2020        -0.2       -0.5       -0.6       -0.5
 13MAY2020        -0.2       -0.6       -0.9       -0.5
 20MAY2020        -0.7       -0.8       -0.9       -0.4
 27MAY2020        -1.3       -0.9       -0.9       -0.3
 03JUN2020        -1.0       -0.8       -0.8       -0.4
 10JUN2020        -1.1       -1.0       -0.9       -0.4
 17JUN2020        -1.4       -1.3       -0.8       -0.1
 24JUN2020        -1.4       -1.0       -0.5       -0.2
 01JUL2020        -1.2       -0.8       -0.5       -0.2
 08JUL2020        -1.5       -0.8       -0.3       -0.2
 15JUL2020        -1.5       -1.0       -0.6       -0.4
 22JUL2020        -1.3       -0.9       -0.6       -0.5
 29JUL2020        -1.5       -1.0       -0.9       -0.7
 05AUG2020        -1.5       -1.0       -1.0       -0.9
 12AUG2020        -1.1       -0.8       -1.0       -0.9
 19AUG2020        -0.9       -0.7       -0.9       -0.7
 26AUG2020        -1.0       -0.9       -0.9       -0.6
 02SEP2020        -1.0       -1.2       -0.8       -0.6
 09SEP2020        -1.1       -1.2       -0.9       -0.6
 16SEP2020        -0.9       -1.1       -0.9       -0.7
 23SEP2020        -0.9       -1.1       -1.1       -0.9
 30SEP2020        -1.1       -0.9       -1.0       -1.1
 07OCT2020        -1.0       -1.1       -1.1       -1.0
 14OCT2020        -0.7       -1.1       -1.4       -1.1
 21OCT2020        -0.9       -1.2       -1.6       -1.2
 28OCT2020        -1.2       -1.7       -2.1       -1.0
 04NOV2020        -1.2       -1.4       -1.9       -1.1
 11NOV2020        -0.7       -1.3       -1.4       -0.9
 18NOV2020        -0.6       -1.3       -1.4       -1.0
 25NOV2020        -0.7       -1.5       -1.6       -1.1
 02DEC2020        -0.9       -1.2       -1.6       -1.3
 09DEC2020        -0.6       -0.9       -1.4       -1.2
 16DEC2020        -1.0       -0.9       -1.1       -1.1
 23DEC2020        -1.2       -0.9       -1.1       -1.1
 30DEC2020        -1.6       -0.8       -1.2       -1.3
 06JAN2021        -1.1       -0.8       -1.2       -1.3
 13JAN2021        -0.9       -0.6       -1.1       -1.4
 20JAN2021        -1.0       -0.5       -1.0       -1.3
 27JAN2021        -0.5       -0.4       -0.9       -1.1
 03FEB2021        -0.6       -0.7       -1.0       -1.1
 10FEB2021        -0.6       -0.9       -1.1       -1.4
 17FEB2021        -0.5       -0.9       -1.0       -1.1
 24FEB2021        -0.8       -1.2       -1.3       -1.1
 03MAR2021        -0.5       -1.0       -1.0       -0.9
 10MAR2021         0.1       -0.4       -0.6       -0.6
 17MAR2021        -0.3       -0.6       -0.8       -0.5
 24MAR2021        -0.9       -0.8       -0.8       -0.5
 31MAR2021        -1.2       -1.0       -0.8       -0.5
 07APR2021        -1.1       -0.9       -0.7       -0.4
 14APR2021        -1.6       -0.9       -0.7       -0.3
 21APR2021        -1.4       -0.9       -0.8       -0.3
 28APR2021        -1.6       -1.0       -0.7       -0.1
 05MAY2021        -1.1       -0.9       -0.7       -0.1
 12MAY2021        -1.0       -0.7       -0.6       -0.1
 19MAY2021        -0.7       -0.7       -0.5       -0.2
 26MAY2021        -0.8       -0.6       -0.5       -0.2
 02JUN2021        -0.7       -0.4       -0.4       -0.3
 09JUN2021        -0.2       -0.3       -0.2       -0.1
 16JUN2021         0.0       -0.3       -0.3       -0.3
 23JUN2021        -0.1       -0.3       -0.2       -0.1
 30JUN2021        -0.3       -0.2       -0.2       -0.3
 07JUL2021        -0.2       -0.4       -0.3       -0.3
 14JUL2021         0.0       -0.3       -0.4       -0.6
 21JUL2021         0.3       -0.4       -0.6       -0.6
 28JUL2021         0.1       -0.6       -0.7       -0.4
 04AUG2021         0.1       -0.8       -0.7       -0.4
 11AUG2021        -0.5       -0.6       -0.5       -0.2
 18AUG2021        -0.3       -0.5       -0.6       -0.3
 25AUG2021        -0.3       -0.4       -0.7       -0.5
 01SEP2021        -0.2       -0.4       -0.6       -0.6
 08SEP2021        -0.1       -0.5       -0.4       -0.6
 15SEP2021        -0.2       -0.5       -0.6       -0.8
 22SEP2021         0.2       -0.5       -0.6       -0.9
 29SEP2021         0.1       -0.4       -0.8       -1.1
 06OCT2021        -0.1       -0.5       -0.9       -1.1
 13OCT2021        -0.5       -0.9       -1.1       -0.9
 20OCT2021        -0.8       -1.1       -1.2       -0.9
 27OCT2021        -0.7       -1.1       -1.4       -0.8
 03NOV2021        -0.7       -0.8       -1.3       -1.1
 10NOV2021        -0.7       -0.9       -1.2       -1.1
 17NOV2021        -1.3       -1.2       -1.2       -1.0
 24NOV2021        -1.2       -1.2       -1.0       -1.0
 01DEC2021        -1.3       -1.4       -1.2       -1.0
 08DEC2021        -1.6       -1.5       -1.3       -1.1
 15DEC2021        -1.8       -1.4       -1.3       -1.3
 22DEC2021        -1.7       -1.4       -1.3       -1.1
 29DEC2021        -1.5       -1.6       -1.4       -0.7
 05JAN2022        -1.1       -1.6       -1.3       -0.6
 12JAN2022        -0.7       -1.5       -1.2       -0.5
 19JAN2022        -0.9       -1.7       -1.2       -0.5
 26JAN2022        -1.1       -1.6       -1.0       -0.3
 02FEB2022        -1.5       -1.4       -0.9       -0.4
 09FEB2022        -1.7       -1.5       -0.9       -0.2
 16FEB2022        -1.7       -1.4       -1.0       -0.4
 23FEB2022        -1.7       -1.6       -1.2       -0.6
 02MAR2022        -1.2       -1.5       -1.3       -0.7
 09MAR2022        -0.7       -1.2       -1.3       -0.9
 16MAR2022        -0.2       -1.0       -1.4       -1.1
 23MAR2022        -0.7       -0.7       -1.2       -1.1
 30MAR2022        -1.0       -0.7       -1.1       -0.9
 06APR2022        -1.2       -0.8       -1.2       -1.1
 13APR2022        -1.5       -1.1       -1.2       -1.0
 20APR2022        -2.1       -1.2       -1.2       -0.9
 27APR2022        -1.8       -1.4       -1.4       -1.4
 04MAY2022        -1.5       -1.2       -1.5       -1.4
 11MAY2022        -1.6       -1.1       -1.4       -1.2
 18MAY2022        -1.2       -1.1       -1.3       -0.9
 25MAY2022        -0.8       -1.0       -1.3       -1.0
 01JUN2022        -0.9       -1.0       -1.2       -0.9
 08JUN2022        -1.5       -0.9       -0.9       -0.8
 15JUN2022        -1.6       -0.8       -0.9       -0.8
 22JUN2022        -1.7       -0.7       -0.8       -0.8
 29JUN2022        -1.4       -0.6       -0.6       -0.9
 06JUL2022        -1.2       -0.4       -0.6       -1.0
 13JUL2022        -1.1       -0.3       -0.6       -1.1
 20JUL2022        -1.2       -0.4       -0.7       -1.0
 27JUL2022        -1.0       -0.5       -0.9       -1.1
 03AUG2022        -0.6       -0.6       -1.1       -1.1
 10AUG2022        -0.5       -0.7       -1.2       -1.1
 17AUG2022        -0.9       -0.9       -1.2       -1.0
 24AUG2022        -0.6       -0.6       -1.1       -1.0
 31AUG2022        -0.5       -0.6       -1.0       -1.2
 07SEP2022        -0.9       -0.8       -1.1       -1.2
 14SEP2022        -0.9       -0.9       -1.1       -1.1
 21SEP2022        -1.1       -1.0       -1.1       -1.2
 28SEP2022        -1.9       -1.1       -1.0       -1.3
 05OCT2022        -1.7       -1.0       -0.9       -1.3
 12OCT2022        -2.2       -1.1       -1.0       -1.3
 19OCT2022        -1.6       -1.0       -1.0       -1.3
 26OCT2022        -1.9       -1.2       -1.1       -1.3
 02NOV2022        -1.9       -1.3       -1.2       -1.2
 09NOV2022        -1.5       -1.1       -1.2       -1.1
 16NOV2022        -1.4       -1.1       -1.0       -1.1
 23NOV2022        -1.8       -1.0       -1.0       -1.1
 30NOV2022        -0.5       -1.1       -1.2       -1.2
 07DEC2022        -0.7       -1.4       -1.3       -1.1
 14DEC2022        -0.1       -1.1       -1.1       -0.9
 21DEC2022        -0.2       -0.8       -1.0       -1.1
 28DEC2022        -0.4       -0.6       -0.8       -1.1
 04JAN2023        -1.0       -0.8       -1.0       -1.0
 11JAN2023        -0.4       -0.7       -0.9       -0.9
 18JAN2023        -0.6       -0.6       -0.9       -0.9
 25JAN2023        -0.4       -0.6       -0.9       -0.9
 01FEB2023         0.2       -0.5       -0.7       -0.7
 08FEB2023         0.8       -0.4       -0.8       -0.9
 15FEB2023         0.8       -0.3       -0.8       -0.9
 22FEB2023         0.4       -0.1       -0.5       -0.8
 01MAR2023         1.0       -0.1       -0.5       -0.6
 08MAR2023         1.4        0.2       -0.3       -0.5
 15MAR2023         1.2        0.3       -0.3       -0.6
 22MAR2023         1.8        0.1       -0.4       -0.5
 29MAR2023         1.6       -0.2       -0.4       -0.3
 05APR2023         2.2       -0.3       -0.5       -0.2
 12APR2023         2.3        0.0       -0.3       -0.3
 19APR2023         1.9        0.2       -0.2       -0.3
 26APR2023         1.8        0.2       -0.1       -0.2
 03MAY2023         2.3        0.4       -0.1       -0.3
 10MAY2023         1.9        0.4       -0.1       -0.3
 17MAY2023         1.3        0.3       -0.1       -0.3
 24MAY2023         1.5        0.3       -0.2       -0.2
 31MAY2023         1.9        0.6        0.3        0.1
 07JUN2023         2.2        0.7        0.4        0.2
 14JUN2023         2.3        0.7        0.4        0.2
 21JUN2023         2.4        0.9        0.5        0.1
 28JUN2023         2.5        1.0        0.5        0.1
 05JUL2023         2.8        1.0        0.5        0.1
 12JUL2023         2.8        1.1        0.5        0.1
 19JUL2023         2.8        1.2        0.5        0.2
 26JUL2023         2.4        1.2        0.6        0.3
 02AUG2023         2.8        1.2        0.4        0.1
 09AUG2023         2.8        1.2        0.5        0.2
 16AUG2023         2.7        1.3        0.6        0.3
 23AUG2023         2.5        1.4        0.7        0.4
 30AUG2023         2.7        1.6        0.9        0.4
 06SEP2023         2.3        1.4        0.8        0.3
 13SEP2023         2.1        1.6        0.9        0.5
 20SEP2023         2.3        1.6        1.0        0.5
 27SEP2023         2.3        1.5        0.9        0.5
 04OCT2023         2.1        1.4        0.9        0.6
 11OCT2023         1.9        1.5        1.0        0.7
 18OCT2023         1.9        1.5        1.0        0.7
 25OCT2023         1.9        1.6        1.1        0.6
 01NOV2023         1.8        1.6        1.3        0.8
 08NOV2023         1.8        1.5        1.2        0.8
 15NOV2023         1.4        1.5        1.3        0.8
 22NOV2023         1.7        1.6        1.5        0.9
 29NOV2023         1.5        1.4        1.4        1.0
 06DEC2023         1.0        1.4        1.4        0.8
 13DEC2023         1.2        1.5        1.4        0.7
 20DEC2023         0.6        1.5        1.4        0.6
 27DEC2023         0.2        1.5        1.3        0.6
 03JAN2024         0.0        1.3        1.2        0.6
 10JAN2024        -0.1        1.2        1.1        0.7
 17JAN2024        -0.1        1.2        1.0        0.7
 24JAN2024        -0.1        1.1        1.0        0.8
 31JAN2024         0.0        1.0        1.0        0.7
 07FEB2024         0.2        0.8        0.9        0.5
 14FEB2024         0.2        0.8        0.9        0.5
 21FEB2024         0.1        0.7        0.8        0.4
 28FEB2024         0.3        0.6        0.7        0.3
 06MAR2024         0.2        0.2        0.7        0.3
 13MAR2024        -0.2        0.2        0.5        0.2
 20MAR2024        -0.8        0.2        0.6        0.3
 27MAR2024        -1.0        0.3        0.4        0.1
 03APR2024        -0.9        0.4        0.6        0.2
 10APR2024        -0.7       -0.1        0.1       -0.1
 17APR2024        -1.3       -0.1        0.1        0.1
 24APR2024        -0.4       -0.1        0.0        0.0
 01MAY2024        -0.3       -0.5       -0.3        0.0
 08MAY2024        -1.0       -0.7       -0.5        0.1
 15MAY2024        -1.7       -0.9       -0.5        0.1
 22MAY2024        -1.8       -1.0       -0.5        0.2
 29MAY2024        -1.5       -1.1       -0.6        0.1
 05JUN2024        -1.3       -0.9       -0.5        0.1
 12JUN2024        -1.2       -0.8       -0.6        0.0
 19JUN2024        -1.5       -0.8       -0.3        0.0
 26JUN2024        -1.3       -0.8       -0.1        0.2
 03JUL2024        -0.6       -0.7       -0.3        0.0
 10JUL2024        -0.8       -0.7       -0.3        0.1
 17JUL2024        -1.1       -0.7       -0.4        0.1
 24JUL2024        -1.4       -0.6       -0.4       -0.1
 31JUL2024        -1.0       -0.8       -0.7       -0.3
 07AUG2024        -0.7       -0.6       -0.5        0.0
 14AUG2024        -0.7       -0.9       -0.6        0.1
 21AUG2024        -0.6       -0.8       -0.6        0.0
 28AUG2024        -0.9       -0.9       -0.7       -0.1
 04SEP2024        -0.8       -0.7       -0.6       -0.3
 11SEP2024        -0.5       -0.6       -0.7       -0.3
 18SEP2024        -0.7       -0.7       -0.9       -0.4
 25SEP2024        -1.4       -0.5       -0.8       -0.3
 02OCT2024        -1.1       -0.5       -0.9       -0.3
 09OCT2024        -1.0       -0.6       -1.0       -0.4
 16OCT2024        -0.7       -0.6       -0.9       -0.5
 23OCT2024        -0.8       -0.7       -1.0       -0.7
 30OCT2024        -1.1       -0.9       -0.9       -0.5
 06NOV2024        -0.7       -0.6       -0.9       -0.4
 13NOV2024        -0.2       -0.5       -0.6       -0.3
 20NOV2024         0.5       -0.4       -0.6       -0.4
 27NOV2024         0.1       -0.7       -0.6       -0.5
 04DEC2024        -0.3       -0.8       -0.7       -0.6
 11DEC2024        -0.4       -0.7       -0.9       -0.7
 18DEC2024        -0.5       -0.9       -1.2       -0.9
 25DEC2024        -0.5       -0.8       -1.4       -1.2
 01JAN2025        -0.3       -0.5       -1.2       -1.2
 08JAN2025        -0.3       -0.4       -1.2       -1.3
 15JAN2025        -0.8       -0.4       -1.1       -1.2
 22JAN2025        -0.9       -0.7       -1.4       -1.3
 29JAN2025        -1.1       -0.9       -1.3       -1.4
 05FEB2025        -0.2       -0.5       -1.1       -1.4
 12FEB2025         0.6       -0.5       -1.0       -1.3
 19FEB2025         0.4       -0.4       -0.9       -1.1
 26FEB2025         0.8       -0.1       -0.7       -1.1
 05MAR2025         1.2        0.2       -0.4       -1.1
 12MAR2025         1.1        0.4       -0.2       -1.1
 19MAR2025         0.7        0.0       -0.5       -1.0
 26MAR2025         0.8        0.0       -0.2       -0.8
 02APR2025         1.0       -0.1       -0.6       -0.7
 09APR2025         0.8       -0.1       -0.6       -0.8
 16APR2025         0.1       -0.3       -0.4       -0.7
 23APR2025        -0.5       -0.5       -0.4       -0.5
 30APR2025        -0.3       -0.5       -0.4       -0.5
 07MAY2025        -0.5       -0.5       -0.3       -0.5
 14MAY2025        -0.5       -0.7       -0.5       -0.4
 21MAY2025         0.2       -0.8       -0.6       -0.4
 28MAY2025         0.3       -0.7       -0.5       -0.3
 04JUN2025         0.2       -0.5       -0.4       -0.2
 11JUN2025         0.5       -0.3       -0.3       -0.1
 18JUN2025         0.5       -0.3       -0.2        0.1
 25JUN2025         0.0       -0.2       -0.2        0.0
 02JUL2025         0.2       -0.1       -0.2       -0.1
 09JUL2025         0.2        0.0       -0.2       -0.1
 16JUL2025         0.4       -0.3       -0.4       -0.3
 23JUL2025         0.2       -0.4       -0.6       -0.4
 30JUL2025         0.1       -0.5       -0.6       -0.4
 06AUG2025         0.3       -0.4       -0.6       -0.3
 13AUG2025         0.3       -0.4       -0.7       -0.4
 20AUG2025        -0.4       -0.7       -0.8       -0.4
 27AUG2025        -0.6       -0.9       -0.7       -0.4
 03SEP2025        -0.6       -0.8       -0.7       -0.5
 10SEP2025        -0.6       -0.9       -0.8       -0.7
 17SEP2025        -0.3       -0.7       -0.7       -0.6
 24SEP2025        -0.3       -0.6       -0.8       -0.6
 01OCT2025        -0.4       -0.6       -0.9       -0.7
 08OCT2025        -0.4       -0.4       -0.6       -0.7
 15OCT2025        -0.7       -0.8       -1.0       -0.6
 22OCT2025         0.1       -0.7       -0.9       -0.7
 29OCT2025        -0.1       -0.7       -0.9       -0.8
 05NOV2025        -0.3       -0.8       -0.9       -0.8
 12NOV2025        -0.8       -1.0       -1.0       -0.9
 19NOV2025        -0.6       -0.9       -1.0       -0.7
 26NOV2025        -0.1       -0.8       -1.0       -0.8
 03DEC2025        -0.4       -0.8       -0.8       -0.6
 10DEC2025        -0.5       -1.1       -1.0       -0.6
 17DEC2025        -0.7       -1.2       -1.0       -0.5
 24DEC2025        -0.5       -1.0       -1.0       -0.6
 31DEC2025        -1.1       -1.2       -0.9       -0.4
 07JAN2026        -1.0       -1.3       -1.0       -0.4
 14JAN2026        -0.6       -0.8       -1.0       -0.5
 21JAN2026        -0.5       -0.4       -0.7       -0.2
 28JAN2026        -0.2       -0.6       -0.8       -0.3
 04FEB2026         0.3       -0.5       -0.9       -0.4
 11FEB2026         0.5       -0.4       -0.6       -0.1
 18FEB2026         1.0       -0.4       -0.5        0.0
 25FEB2026         0.7       -0.5       -0.6       -0.1
 04MAR2026         0.7       -0.3       -0.7       -0.3
 11MAR2026         1.2        0.0       -0.6       -0.3
 18MAR2026         1.2       -0.2       -0.6       -0.1
 25MAR2026         0.9       -0.4       -0.3        0.2
 01APR2026         0.8       -0.3       -0.3        0.2
 08APR2026         1.1       -0.1       -0.2        0.3
 15APR2026         1.2        0.2        0.1        0.6
 22APR2026         0.9        0.3        0.2        0.5
 29APR2026         0.6        0.4        0.4        0.5
 06MAY2026         1.0        0.5        0.4        0.5
 13MAY2026         1.3        0.6        0.4        0.6
 20MAY2026         1.6        0.7        0.5        0.6
 27MAY2026         1.7        0.8        0.5        0.7
 03JUN2026         2.0        0.9        0.7        0.7
 10JUN2026         2.1        1.0        0.9        0.8
 17JUN2026         2.4        1.3        1.1        0.8
 24JUN2026         2.5        1.5        1.2        0.6
 01JUL2026         2.7        1.5        1.2        0.5
 08JUL2026         2.6        1.6        1.3        0.5
 15JUL2026         2.8        1.6        1.4        0.4
 22JUL2026         3.0        1.8        1.4        0.3
 29JUL2026         3.2        2.1        1.5        0.2
 05AUG2026         3.3        2.4        1.8        0.3
 12AUG2026         3.2        2.5        1.8        0.2
